5-gram, count
that_, 57
ould_, 48
beaco, 46
eacon, 46
this_, 41
ough_, 37
acon_, 37
here_, 35
with_, 33
they_, 31
ight_, 27
water, 27
when_, 26
could, 25
hing_, 25
would, 24
tion_, 24
there, 24
rough, 23
have_, 23
were_, 22
ound_, 22
from_, 22
thing, 22
into_, 21
ation, 21
throu, 21
hroug, 21
repai, 20
epair, 20
lizar, 20
izard, 20
ther_, 18
ting_, 18
ater_, 18
down_, 17
pyram, 17
yrami, 17
ramid, 17
amid_, 17
other, 16
efore, 16
fore_, 16
ever_, 16
ters_, 16
just_, 16
king_, 16
befor, 15
rned_, 15
space, 15
them_, 15
built, 15
uilt_, 15
lled_, 15
pped_, 15
mple_, 15
pries, 15
riest, 15
very_, 14
ling_, 14
oked_, 14
urned, 14
side_, 14
pace_, 14
back_, 14
over_, 14
then_, 14
time_, 13
what_, 13
ooked, 13
like_, 13
ttle_, 13
cours, 13
ourse, 13
only_, 13
ning_, 13
round, 13
templ, 13
emple, 13
ated_, 12
your_, 12
again, 12
littl, 12
ittle, 12
about, 12
bout_, 12
urse_, 12
ered_, 12
iests, 12
ests_, 12
first, 11
irst_, 11
ally_, 11
contr, 11
door_, 11
ship_, 11
enoug, 11
nough, 11
turne, 11
some_, 11
ative, 11
aroun, 11
zards, 11
ards_, 11
local, 11
ocal_, 11
been_, 11
pairm, 10
took_, 10
said_, 10
ried_, 10
ance_, 10
most_, 10
went_, 10
opped, 10
cked_, 10
right, 10
nativ, 10
aters, 10
airma, 9
irman, 9
rman_, 9
ding_, 9
gain_, 9
ring_, 9
nside, 9
hyper, 9
ypers, 9
persp, 9
erspa, 9
rspac, 9
acons, 9
cons_, 9
every, 9
never, 9
found, 9
their, 9
heir_, 9
looke, 9
rate_, 9
after, 9
fter_, 9
zard_, 9
holy_, 9
start, 8
eing_, 8
figur, 8
tract, 8
will_, 8
threw, 8
hrew_, 8
made_, 8
well_, 8
insid, 8
more_, 8
take_, 8
light, 8
arts_, 8
long_, 8
didn_, 8
shed_, 8
ings_, 8
ward_, 8
wasn_, 8
plast, 8
lasti, 8
estor, 8
blind, 8
being, 7
troub, 7
roubl, 7
ouble, 7
great, 7
reat_, 7
ment_, 7
ontra, 7
ntrac, 7
ract_, 7
shoul, 7
hould, 7
plane, 7
lanet, 7
eyes_, 7
than_, 7
must_, 7
east_, 7
ture_, 7
while, 7
hile_, 7
point, 7
oing_, 7
tried, 7
arted, 7
rted_, 7
under, 7
power, 7
ower_, 7
tors_, 7
make_, 7
ying_, 7
good_, 7
towar, 7
oward, 7
tive_, 7
dropp, 7
roppe, 7
grand, 7
nted_, 7
ances, 7
ncest, 7
lind_, 7
uble_, 6
ouldn, 6
uldn_, 6
look_, 6
igure, 6
cause, 6
even_, 6
press, 6
ssed_, 6
still, 6
centa, 6
entau, 6
ntaur, 6
tauri, 6
type_, 6
least, 6
ships, 6
hips_, 6
aking, 6
gave_, 6
calle, 6
alled, 6
parts, 6
ping_, 6
iled_, 6
trans, 6
sing_, 6
stant, 6
tant_, 6
nning, 6
stone, 6
tone_, 6
tives, 6
ives_, 6
wing_, 6
crowd, 6
rowd_, 6
switc, 6
witch, 6
ders_, 6
head_, 6
stic_, 6
cesto, 6
ison_, 5
shoot, 5
ence_, 5
gure_, 5
compa, 5
anoth, 5
nothe, 5
till_, 5
cted_, 5
mped_, 5
mark_, 5
locat, 5
nded_, 5
meter, 5
eters, 5
pile_, 5
sive_, 5
eaks_, 5
atter, 5
ythin, 5
nger_, 5
airs_, 5
think, 5
hink_, 5
ched_, 5
count, 5
cient, 5
ient_, 5
witho, 5
ithou, 5
thout, 5
hout_, 5
latio, 5
tions, 5
const, 5
where, 5
machi, 5
achin, 5
chine, 5
cated, 5
actor, 5
ctor_, 5
thoug, 5
hough, 5
ught_, 5
ratio, 5
ished, 5
ions_, 5
tarte, 5
ived_, 5
used_, 5
owing, 5
away_, 5
rning, 5
speak, 5
suit_, 5
astic, 5
wear_, 5
stors, 5
iron_, 5
open_, 5
pipe_, 5
uted_, 4
arry_, 4
rison, 4
ense_, 4
face_, 4
becau, 4
ecaus, 4
ause_, 4
onto_, 4
cular, 4
ular_, 4
licat, 4
plate, 4
build, 4
land_, 4
know_, 4
pair_, 4
auri_, 4
kind_, 4
heard, 4
eard_, 4
until, 4
ntil_, 4
anets, 4
nets_, 4
anded, 4
onstr, 4
insta, 4
ensiv, 4
nsive, 4
four_, 4
bles_, 4
rever, 4
close, 4
lose_, 4
break, 4
check, 4
nics_, 4
equip, 4
ipped, 4
almos, 4
lmost, 4
anyth, 4
nythi, 4
opera, 4
perat, 4
erate, 4
bank_, 4
ount_, 4
knew_, 4
same_, 4
ressi, 4
rest_, 4
stand, 4
tand_, 4
tance, 4
many_, 4
rules, 4
ules_, 4
nstan, 4
ened_, 4
able_, 4
navig, 4
aviga, 4
vigat, 4
compl, 4
need_, 4
came_, 4
ocked, 4
norma, 4
ormal, 4
finis, 4
inish, 4
turn_, 4
arriv, 4
appar, 4
ppare, 4
paren, 4
arent, 4
ntly_, 4
ness_, 4
piece, 4
dista, 4
istan, 4
ought, 4
give_, 4
ction, 4
ocate, 4
outsi, 4
utsid, 4
tside, 4
flyin, 4
lying, 4
hings, 4
arly_, 4
tail_, 4
ontro, 4
ntrol, 4
reen_, 4
eled_, 4
tely_, 4
illed, 4
circu, 4
nice_, 4
cover, 4
strai, 4
traig, 4
raigh, 4
aight, 4
ected, 4
come_, 4
ransl, 4
ansla, 4
nslat, 4
agged, 4
gged_, 4
peake, 4
eaker, 4
aker_, 4
runni, 4
unnin, 4
goat_, 4
swamp, 4
pping, 4
parad, 4
aradi, 4
radis, 4
adise, 4
dise_, 4
itch_, 4
going, 4
began, 4
egan_, 4
lders, 4
which, 4
hich_, 4
metal, 4
etal_, 4
radio, 4
activ, 4
flow_, 4
slowl, 4
lowly, 4
owly_, 4
shing, 4
behin, 4
ehind, 4
hind_, 4
urnin, 4
three, 4
hree_, 4
proje, 3
rojec, 3
oject, 3
ject_, 3
guten, 3
utenb, 3
tenbe, 3
enber, 3
nberg, 3
berg_, 3
ebook, 3
book_, 3
produ, 3
roduc, 3
oduce, 3
duced, 3
uced_, 3
line_, 3
readi, 3
eadin, 3
ading, 3
harry, 3
harri, 3
arris, 3
rriso, 3
strat, 3
meant, 3
eant_, 3
since, 3
ince_, 3
alone, 3
lone_, 3
telli, 3
alked, 3
lked_, 3
attac, 3
quit_, 3
lling, 3
irty_, 3
ompan, 3
mpany, 3
pany_, 3
secre, 3
ecret, 3
tled_, 3
thick, 3
hick_, 3
desk_, 3
ells_, 3
steel, 3
teel_, 3
crack, 3
leane, 3
eaned, 3
aned_, 3
bbed_, 3
ngle_, 3
solar, 3
olar_, 3
shot_, 3
burne, 3
resse, 3
essed, 3
sible, 3
ible_, 3
plica, 3
icate, 3
tary_, 3
late_, 3
credi, 3
redit, 3
umped, 3
waiti, 3
aitin, 3
iting, 3
iest_, 3
proxi, 3
roxim, 3
oxima, 3
xima_, 3
ints_, 3
ologi, 3
nstal, 3
stall, 3
tall_, 3
ours_, 3
ffici, 3
reall, 3
eally, 3
forev, 3
oreve, 3
matte, 3
tter_, 3
ditio, 3
ition, 3
mecha, 3
echan, 3
chani, 3
hanic, 3
anics, 3
nting, 3
finge, 3
inger, 3
takes, 3
akes_, 3
pairs, 3
doing, 3
ized_, 3
tain_, 3
feet_, 3
ching, 3
reach, 3
money, 3
oney_, 3
uring, 3
stopp, 3
toppe, 3
aded_, 3
days_, 3
nders, 3
derst, 3
ersta, 3
rstan, 3
easy_, 3
easur, 3
onsta, 3
place, 3
lace_, 3
probl, 3
roble, 3
oblem, 3
blem_, 3
pened, 3
mount, 3
signa, 3
ignal, 3
oint_, 3
ature, 3
ollow, 3
omple, 3
igato, 3
gator, 3
ator_, 3
llow_, 3
erati, 3
ating, 3
ocket, 3
eting, 3
rmal_, 3
using, 3
safet, 3
hine_, 3
ather, 3
chanc, 3
hance, 3
eakin, 3
rentl, 3
ently, 3
hard_, 3
sion_, 3
twent, 3
enty_, 3
hour_, 3
ddle_, 3
self_, 3
spect, 3
nked_, 3
itude, 3
tude_, 3
owed_, 3
stanc, 3
sleep, 3
leep_, 3
nishe, 3
ming_, 3
passe, 3
assed, 3
looki, 3
ookin, 3
oking, 3
ancie, 3
ncien, 3
direc, 3
irect, 3
sent_, 3
early, 3
brain, 3
inent, 3
nent_, 3
peaks, 3
easil, 3
asily, 3
sily_, 3
secon, 3
econd, 3
cided, 3
ided_, 3
watch, 3
atch_, 3
scree, 3
creen, 3
circl, 3
ircle, 3
fille, 3
somet, 3
ometh, 3
methi, 3
ethin, 3
mind_, 3
react, 3
eacto, 3
struc, 3
truct, 3
heavy, 3
eavy_, 3
locke, 3
overe, 3
vered, 3
life_, 3
loud_, 3
arrow, 3
pulle, 3
ulled, 3
trol_, 3
aged_, 3
usual, 3
each_, 3
conta, 3
ontac, 3
ntact, 3
tact_, 3
roof_, 3
foot_, 3
once_, 3
lande, 3
night, 3
allow, 3
spot_, 3
rrive, 3
rived, 3
conve, 3
onver, 3
nvers, 3
versa, 3
ersat, 3
rsati, 3
satio, 3
memor, 3
emory, 3
mory_, 3
tagge, 3
rgled, 3
gled_, 3
gurgl, 3
urgle, 3
slati, 3
rded_, 3
whisp, 3
hispe, 3
isper, 3
spere, 3
pered, 3
rands, 3
andso, 3
ndson, 3
dson_, 3
relig, 3
eligi, 3
ligio, 3
rrow_, 3
talk_, 3
cent_, 3
ious_, 3
ving_, 3
ontin, 3
rred_, 3
nder_, 3
adioa, 3
dioac, 3
ioact, 3
oacti, 3
serve, 3
oyed_, 3
flesh, 3
lesh_, 3
quipm, 3
uipme, 3
ipmen, 3
pment, 3
repti, 3
eptil, 3
ptile, 3
done_, 3
ctive, 3
wante, 3
anted, 3
front, 3
hooke, 3
ptero, 3
terod, 3
eroda, 3
rodac, 3
odact, 3
dacty, 3
actyl, 3
ctyl_, 3
noble, 3
oble_, 3
hole_, 3
gains, 3
ainst, 3
inst_, 3
thirt, 3
iling, 3
nged_, 3
burni, 3
stair, 3
hecke, 3
ecked, 3
crate, 3
tart_, 2
proof, 2
illus, 2
llust, 2
lustr, 2
ustra, 2
trate, 2
rated, 2
inter, 2
hoote, 2
ooter, 2
hoot_, 2
inten, 2
talke, 2
forth, 2
orth_, 2
ellin, 2
want_, 2
wider, 2
ider_, 2
ually, 2
chort, 2
hortl, 2
butto, 2
utton, 2
tton_, 2
egal_, 2
docum, 2
ocume, 2
cumen, 2
ument, 2
slid_, 2
work_, 2
rack_, 2
quick, 2
grabb, 2
rabbe, 2
abbed, 2
singl, 2
ingle, 2
motio, 2
otion, 2
fall_, 2
ssibl, 2
smile, 2
mile_, 2
dupli, 2
uplic, 2
cate_, 2
note_, 2
etary, 2
ucted, 2
edit_, 2
iring, 2
lding, 2
eated, 2
dled_, 2
accor, 2
ccord, 2
cordi, 2
ordin, 2
rding, 2
enjoy, 2
shut_, 2
paire, 2
aired, 2
ired_, 2
galax, 2
alaxy, 2
laxy_, 2
sure_, 2
worke, 2
orked, 2
rked_, 2
model, 2
racti, 2
tical, 2
icall, 2
cally, 2
recor, 2
ecord, 2
earth, 2
arth_, 2
less_, 2
ering, 2
catio, 2
might, 2
bluep, 2
luepr, 2
uepri, 2
eprin, 2
print, 2
rints, 2
rror_, 2
monst, 2
nstro, 2
stros, 2
trosi, 2
rosit, 2
osity, 2
sity_, 2
looks, 2
ooks_, 2
undre, 2
eolog, 2
logis, 2
ogist, 2
junk_, 2
years, 2
ears_, 2
year_, 2
besid, 2
eside, 2
sides, 2
ides_, 2
expen, 2
xpens, 2
pensi, 2
main_, 2
utes_, 2
hands, 2
ands_, 2
chief, 2
hief_, 2
duty_, 2
offic, 2
damn_, 2
reaks, 2
accid, 2
ccide, 2
ciden, 2
ident, 2
ging_, 2
part_, 2
condi, 2
ondit, 2
nditi, 2
tione, 2
ioned, 2
oned_, 2
wish_, 2
fleet, 2
leet_, 2
anned, 2
nned_, 2
rresp, 2
respo, 2
espon, 2
ibles, 2
dded_, 2
intin, 2
fire_, 2
else_, 2
death, 2
wled_, 2
atchi, 2
tchin, 2
ached, 2
aled_, 2
ideas, 2
deas_, 2
ttach, 2
accou, 2
ccoun, 2
keep_, 2
ettin, 2
tting, 2
effic, 2
ficie, 2
icien, 2
alkin, 2
lking, 2
hall_, 2
catch, 2
iguri, 2
gurin, 2
epres, 2
ssing, 2
drink, 2
rink_, 2
iced_, 2
chart, 2
neare, 2
eares, 2
arest, 2
beta_, 2
circi, 2
ircin, 2
rcinu, 2
cinus, 2
inus_, 2
heade, 2
eaded, 2
short, 2
hort_, 2
trip_, 2
impor, 2
mport, 2
porta, 2
ortan, 2
measu, 2
remen, 2
ents_, 2
fixed, 2
ixed_, 2
unive, 2
niver, 2
ivers, 2
verse, 2
erse_, 2
enter, 2
nter_, 2
opene, 2
radia, 2
adiat, 2
diati, 2
iatio, 2
follo, 2
jump_, 2
accur, 2
ccura, 2
curat, 2
urate, 2
ators, 2
eight, 2
ravel, 2
hiner, 2
inery, 2
nery_, 2
spend, 2
pend_, 2
find_, 2
quite, 2
uite_, 2
compu, 2
omput, 2
mpute, 2
puter, 2
uter_, 2
afety, 2
fety_, 2
facto, 2
elimi, 2
limin, 2
imina, 2
much_, 2
rathe, 2
reaki, 2
star_, 2
barre, 2
human, 2
wenty, 2
middl, 2
iddle, 2
robot, 2
obot_, 2
ckled, 2
kled_, 2
itsel, 2
tself, 2
scann, 2
ompar, 2
mpari, 2
aring, 2
final, 2
inall, 2
nally, 2
blink, 2
linke, 2
inked, 2
iece_, 2
fast_, 2
magni, 2
agnit, 2
gnitu, 2
nitud, 2
lute_, 2
showe, 2
howed, 2
onden, 2
dence, 2
speci, 2
pecia, 2
ecial, 2
ties_, 2
handl, 2
andle, 2
ndle_, 2
free_, 2
anet_, 2
situa, 2
ituat, 2
sense, 2
recti, 2
ectio, 2
atmos, 2
tmosp, 2
mosph, 2
osphe, 2
spher, 2
phere, 2
busin, 2
usine, 2
sines, 2
iness, 2
learn, 2
skin_, 2
boys_, 2
trace, 2
ounta, 2
untai, 2
ntain, 2
peak_, 2
ctly_, 2
cond_, 2
nose_, 2
radar, 2
adar_, 2
dived, 2
pear_, 2
wheel, 2
eeled, 2
rcles, 2
cles_, 2
nding, 2
lower, 2
basin, 2
asin_, 2
icked, 2
cking, 2
ircul, 2
rcula, 2
weren, 2
eren_, 2
nstru, 2
above, 2
bove_, 2
form_, 2
throw, 2
rowin, 2
ircui, 2
rcuit, 2
cuit_, 2
retur, 2
eturn, 2
autom, 2
utoma, 2
tomat, 2
omati, 2
matic, 2
alley, 2
lley_, 2
stron, 2
trong, 2
manag, 2
anage, 2
naged, 2
clear, 2
learl, 2
cultu, 2
ultur, 2
lture, 2
tures, 2
ures_, 2
ited_, 2
claws, 2
laws_, 2
pryey, 2
ryeye, 2
yeye_, 2
ructi, 2
uctio, 2
rock_, 2
notic, 2
otice, 2
rting, 2
town_, 2
wallo, 2
drew_, 2
llowe, 2
order, 2
rder_, 2
expre, 2
xpres, 2
essio, 2
ssion, 2
phras, 2
hrase, 2
georg, 2
eorge, 2
orge_, 2
shout, 2
houte, 2
outed, 2
rain_, 2
ieces, 2
eces_, 2
ured_, 2
auria, 2
urian, 2
versi, 2
wamps, 2
amps_, 2
worki, 2
orkin, 2
rking, 2
cave_, 2
mike_, 2
tted_, 2
igion, 2
gion_, 2
move_, 2
pushe, 2
ushed, 2
curre, 2
ency_, 2
shell, 2
rolle, 2
olled, 2
lifte, 2
ifted, 2
fted_, 2
randp, 2
andpa, 2
ndpa_, 2
heart, 2
eart_, 2
heave, 2
touch, 2
ouch_, 2
eath_, 2
happi, 2
bridg, 2
ridge, 2
idge_, 2
uilde, 2
ilder, 2
ined_, 2
conti, 2
ntine, 2
tinen, 2
race_, 2
logic, 2
ogica, 2
gical, 2
ical_, 2
rmed_, 2
ctivi, 2
tivit, 2
ivity, 2
vity_, 2
aused, 2
ries_, 2
iesth, 2
estho, 2
sthoo, 2
thood, 2
hood_, 2
destr, 2
guard, 2
uarde, 2
arded, 2
fount, 2
aken_, 2
prote, 2
fully, 2
ully_, 2
dragg, 2
ragge, 2
astif, 2
stifl, 2
tifle, 2
ifles, 2
tile_, 2
spica, 2
pican, 2
ican_, 2
immed, 2
mmedi, 2
media, 2
ediat, 2
diate, 2
iatel, 2
ately, 2
leave, 2
eave_, 2
stay_, 2
mplet, 2
plete, 2
lete_, 2
glad_, 2
frame, 2
rame_, 2
ront_, 2
full_, 2
waddl, 2
addle, 2
dawn_, 2
oulde, 2
ulder, 2
saile, 2
ailed, 2
camou, 2
amouf, 2
moufl, 2
oufla, 2
uflag, 2
flage, 2
vious, 2
nothi, 2
othin, 2
screa, 2
cream, 2
thers, 2
hers_, 2
piled, 2
eetin, 2
ttled, 2
volum, 2
olume, 2
lume_, 2
whole, 2
fled_, 2
doubt, 2
tful_, 2
raise, 2
aised, 2
ised_, 2
ttere, 2
tered, 2
faith, 2
aithf, 2
ithfu, 2
thful, 2
hful_, 2
aster, 2
ster_, 2
small, 2
base_, 2
room_, 2
pool_, 2
enth_, 2
ointe, 2
inted, 2
help_, 2
resto, 2
store, 2
tore_, 2
sank_, 2
rippi, 2
ippin, 2
floor, 2
loor_, 2
publi, 2
ublic, 2
vely_, 2
bolte, 2
olted, 2
lted_, 2
tedly, 2
edly_, 2
holie, 2
olies, 2
lies_, 2
smili, 2
milin, 2
hirty, 2
case_, 2
charc, 2
harco, 2
arcoa, 2
rcoal, 2
coal_, 2
tortu, 2
ortur, 2
rture, 2
socke, 2
ckets, 2
kets_, 2
umbli, 2
mblin, 2
bling, 2
rway_, 2
sting, 2
ounte, 2
unted, 2
sign_, 2
charg, 2
harge, 2
arge_, 2
pecte, 2
brigh, 2
polis, 2
olish, 2
itche, 2
tches, 2
ches_, 2
valve, 2
alve_, 2
fuel_, 2
plant, 2
lant_, 2
walls, 2
alls_, 2
atche, 2
tched, 2
spent, 2
pent_, 2
narro, 2
tairs, 2
sual_, 2
fresh, 2
flowi, 2
lowin, 2
cerem, 2
eremo, 2
remon, 2
emony, 2
mony_, 2
decid, 2
ecide, 2
messe, 2
essen, 2
sseng, 2
senge, 2
enger, 2
faced, 2
aced_, 2
ared_, 2
appy_, 2
greg_, 1
weeks, 1
eeks_, 1
susan, 1
usan_, 1
carr_, 1
onlin, 1
nline, 1
distr, 1
istri, 1
strib, 1
tribu, 1
ribut, 1
ibute, 1
buted, 1
roofr, 1
oofre, 1
ofrea, 1
fread, 1
team_, 1
http_, 1
pgdp_, 1
krame, 1
ramer, 1
amer_, 1
nters, 1
terst, 1
erste, 1
rstel, 1
stell, 1
tella, 1
ellar, 1
llar_, 1
oter_, 1
ntens, 1
tense, 1
glee_, 1
someo, 1
omeon, 1
meone, 1
eone_, 1
feat_, 1
intel, 1
ntell, 1
ellig, 1
llige, 1
ligen, 1
igenc, 1
gence, 1
bold_, 1
ttack, 1
tack_, 1
best_, 1
defen, 1
efens, 1
fense, 1
bothe, 1
dirty, 1
cooke, 1
alrea, 1
lread, 1
ready, 1
eady_, 1
revea, 1
eveal, 1
veal_, 1
crets, 1
rets_, 1
grin_, 1
actua, 1
ctual, 1
tuall, 1
ortle, 1
rtled, 1
thumb, 1
humbe, 1
umbed, 1
mbed_, 1
conso, 1
onsol, 1
nsole, 1
sole_, 1
legal, 1
deliv, 1
elive, 1
liver, 1
ivery, 1
slot_, 1
tells, 1
vanad, 1
anadi, 1
nadiu, 1
adium, 1
dium_, 1
bound, 1
molec, 1
olecu, 1
lecul, 1
ecula, 1
disru, 1
isrup, 1
srupt, 1
rupto, 1
uptor, 1
ptor_, 1
uickl, 1
ickly, 1
ckly_, 1
wide_, 1
angle, 1
ashes, 1
shes_, 1
possi, 1
ossib, 1
uick_, 1
creta, 1
retar, 1
deduc, 1
educt, 1
ducte, 1
edits, 1
dits_, 1
salar, 1
alary, 1
lary_, 1
cost_, 1
fine_, 1
firin, 1
uildi, 1
ildin, 1
slump, 1
lumpe, 1
defea, 1
efeat, 1
feate, 1
blow_, 1
fondl, 1
ondle, 1
ndled, 1
heref, 1
erefo, 1
refor, 1
njoy_, 1
asked, 1
sked_, 1
odel_, 1
repea, 1
epeat, 1
peate, 1
pract, 1
actic, 1
ctica, 1
ortli, 1
rtlin, 1
tling, 1
eithe, 1
ither, 1
cords, 1
ords_, 1
specs, 1
pecs_, 1
burie, 1
uried, 1
oldes, 1
ldest, 1
dest_, 1
wareh, 1
areho, 1
rehou, 1
ehous, 1
house, 1
ouse_, 1
earli, 1
arlie, 1
rlies, 1
liest, 1
consi, 1
onsid, 1
sider, 1
ideri, 1
derin, 1
ocati, 1
hande, 1
felt_, 1
glaze, 1
laze_, 1
horro, 1
orror, 1
disti, 1
istil, 1
tille, 1
iller, 1
llery, 1
lery_, 1
hundr, 1
ndred, 1
dred_, 1
high_, 1
arche, 1
rcheo, 1
cheol, 1
heolo, 1
gist_, 1
forge, 1
orget, 1
rget_, 1
uild_, 1
breat, 1
reath, 1
eathi, 1
athin, 1
relic, 1
elic_, 1
route, 1
outes, 1
makin, 1
fifte, 1
iftee, 1
fteen, 1
teen_, 1
detou, 1
etour, 1
tours, 1
wiped, 1
iped_, 1
handk, 1
andke, 1
ndker, 1
dkerc, 1
kerch, 1
erchi, 1
rchie, 1
lectu, 1
ectur, 1
cture, 1
forty, 1
orty_, 1
ubles, 1
depar, 1
epart, 1
partm, 1
artme, 1
rtmen, 1
tment, 1
ficia, 1
icial, 1
ciall, 1
ially, 1
maint, 1
ainte, 1
ntena, 1
tenan, 1
enanc, 1
nance, 1
hooti, 1
ootin, 1
oting, 1
last_, 1
dent_, 1
pairi, 1
airin, 1
plugg, 1
luggi, 1
uggin, 1
gging, 1
paych, 1
ayche, 1
ychec, 1
heck_, 1
ffice, 1
fice_, 1
rambl, 1
amble, 1
mbled, 1
bled_, 1
junio, 1
unior, 1
nior_, 1
quipp, 1
uippe, 1
manne, 1
bunch, 1
unch_, 1
irres, 1
spons, 1
ponsi, 1
onsib, 1
nsibl, 1
nodde, 1
odded, 1
moodi, 1
oodil, 1
odily, 1
dily_, 1
ointi, 1
combi, 1
ombin, 1
mbina, 1
binat, 1
inati, 1
natio, 1
jocke, 1
ockey, 1
ckeys, 1
keys_, 1
engin, 1
ngine, 1
ginee, 1
ineer, 1
neers, 1
eers_, 1
soldi, 1
oldie, 1
ldier, 1
diers, 1
iers_, 1
browb, 1
rowbe, 1
owbea, 1
wbeat, 1
beat_, 1
bribe, 1
ribe_, 1
black, 1
lackm, 1
ackma, 1
ckmai, 1
kmail, 1
mail_, 1
bulld, 1
ulldo, 1
lldoz, 1
ldoze, 1
doze_, 1
thugs, 1
hugs_, 1
simpl, 1
imple, 1
feel_, 1
recog, 1
ecogn, 1
cogni, 1
ogniz, 1
gnize, 1
nized, 1
eathl, 1
athle, 1
thles, 1
hless, 1
curta, 1
urtai, 1
rtain, 1
speec, 1
peech, 1
eech_, 1
crawl, 1
rawle, 1
awled, 1
file_, 1
scrat, 1
cratc, 1
ratch, 1
paper, 1
apers, 1
pers_, 1
eache, 1
impal, 1
mpale, 1
paled, 1
fancy, 1
ancy_, 1
jumpi, 1
umpin, 1
mping, 1
tach_, 1
yours, 1
algol, 1
lgol_, 1
draw_, 1
miled, 1
weakl, 1
eakly, 1
akly_, 1
afrai, 1
fraid, 1
raid_, 1
cret_, 1
spies, 1
pies_, 1
getti, 1
walki, 1
ransf, 1
ansfe, 1
nsfer, 1
sfer_, 1
outfi, 1
utfig, 1
tfigu, 1
depre, 1
essin, 1
pacep, 1
acepo, 1
cepor, 1
eport, 1
port_, 1
servi, 1
ervic, 1
rvice, 1
viced, 1
harte, 1
broke, 1
roken, 1
oken_, 1
nine_, 1
rtanc, 1
peopl, 1
eople, 1
ople_, 1
regul, 1
egula, 1
gular, 1
apply, 1
pply_, 1
speed, 1
peed_, 1
asure, 1
surem, 1
ureme, 1
ement, 1
ments, 1
relat, 1
elati, 1
ionsh, 1
onshi, 1
nship, 1
facts, 1
acts_, 1
tell_, 1
moved, 1
oved_, 1
solve, 1
olved, 1
lved_, 1
entir, 1
ntire, 1
tire_, 1
gener, 1
enera, 1
nerat, 1
treme, 1
emend, 1
mendo, 1
endou, 1
ndous, 1
dous_, 1
amoun, 1
ounts, 1
unts_, 1
punch, 1
unche, 1
nched, 1
code_, 1
gnal_, 1
repre, 1
prese, 1
resen, 1
esent, 1
sents, 1
asura, 1
surab, 1
urabl, 1
rable, 1
trian, 1
riang, 1
iangu, 1
angul, 1
ngula, 1
gulat, 1
ulati, 1
quadr, 1
uadra, 1
adrat, 1
dratu, 1
ratur, 1
works, 1
orks_, 1
igati, 1
gatio, 1
llows, 1
lows_, 1
mplex, 1
plex_, 1
varia, 1
ariab, 1
riabl, 1
iable, 1
jumps, 1
umps_, 1
seven, 1
rtant, 1
ratin, 1
oters, 1
trave, 1
avel_, 1
stock, 1
tocke, 1
carry, 1
veryt, 1
eryth, 1
rythi, 1
overl, 1
verly, 1
erly_, 1
natur, 1
rocke, 1
cketi, 1
ketin, 1
appro, 1
pproa, 1
proac, 1
roach, 1
oach_, 1
nish_, 1
month, 1
onths, 1
nths_, 1
often, 1
ften_, 1
does_, 1
zeroe, 1
eroed, 1
roed_, 1
ompli, 1
mplic, 1
estim, 1
stima, 1
timat, 1
imate, 1
mated, 1
rriva, 1
rival, 1
ival_, 1
minat, 1
inate, 1
nate_, 1
near_, 1
arrel, 1
rreli, 1
relin, 1
eling, 1
tech_, 1
knows, 1
nows_, 1
umane, 1
manen, 1
anene, 1
nenes, 1
eness, 1
decis, 1
ecisi, 1
cisio, 1
ision, 1
nowhe, 1
owher, 1
analy, 1
nalyz, 1
alyze, 1
lyzer, 1
yzer_, 1
chuck, 1
huckl, 1
uckle, 1
canne, 1
stars, 1
tars_, 1
parin, 1
pectr, 1
ectra, 1
ctra_, 1
rang_, 1
bell_, 1
peepe, 1
eeped, 1
eped_, 1
eyepi, 1
yepie, 1
epiec, 1
photo, 1
hotoc, 1
otoce, 1
tocel, 1
ocell, 1
cell_, 1
rent_, 1
paris, 1
ariso, 1
absol, 1
bsolu, 1
solut, 1
olute, 1
week_, 1
feedi, 1
eedin, 1
eding, 1
tape_, 1
pilot, 1
ilot_, 1
strap, 1
trapp, 1
rappe, 1
apped, 1
accel, 1
ccele, 1
celer, 1
elera, 1
lerat, 1
tank_, 1
rebui, 1
ebuil, 1
camer, 1
amera, 1
mera_, 1
wenti, 1
entie, 1
ntiet, 1
tieth, 1
ieth_, 1
corre, 1
orres, 1
spond, 1
ponde, 1
ndenc, 1
nucle, 1
ucleo, 1
cleon, 1
leoni, 1
eonic, 1
onics, 1
airme, 1
irmen, 1
rmen_, 1
these, 1
hese_, 1
urses, 1
rses_, 1
alway, 1
lways, 1
ways_, 1
comin, 1
oming, 1
handy, 1
andy_, 1
grade, 1
rades, 1
ades_, 1
numbe, 1
umber, 1
mber_, 1
cialt, 1
ialti, 1
altie, 1
lties, 1
paint, 1
ainti, 1
worko, 1
orkou, 1
rkout, 1
kouts, 1
outs_, 1
aslee, 1
alarm, 1
larm_, 1
annou, 1
nnoun, 1
nounc, 1
ounce, 1
unced, 1
nced_, 1
aneta, 1
netar, 1
tuate, 1
uated, 1
harts, 1
mushy, 1
ushy_, 1
globe, 1
lobe_, 1
area_, 1
stayi, 1
tayin, 1
aying, 1
earn_, 1
risk_, 1
preli, 1
relim, 1
minar, 1
inary, 1
nary_, 1
surve, 1
urvey, 1
rvey_, 1
rains, 1
ains_, 1
choos, 1
hoose, 1
oose_, 1
racea, 1
aceab, 1
ceabl, 1
eable, 1
site_, 1
equid, 1
quidi, 1
uidis, 1
idist, 1
betwe, 1
etwee, 1
tween, 1
ween_, 1
promi, 1
romin, 1
omine, 1
minen, 1
kept_, 1
rectl, 1
ectly, 1
gnals, 1
nals_, 1
scope, 1
cope_, 1
ampli, 1
mplit, 1
plitu, 1
litud, 1
curve, 1
urve_, 1
coinc, 1
oinci, 1
incid, 1
ncide, 1
spun_, 1
trols, 1
rols_, 1
orthi, 1
rthic, 1
thico, 1
hicon, 1
icon_, 1
appea, 1
ppear, 1
trati, 1
image, 1
mage_, 1
focus, 1
ocuse, 1
cused, 1
swam_, 1
view_, 1
curse, 1
ursed, 1
rsed_, 1
heele, 1
canni, 1
annin, 1
surro, 1
urrou, 1
rroun, 1
oundi, 1
undin, 1
ountr, 1
untry, 1
ntry_, 1
flat_, 1
marsh, 1
arshy, 1
rshy_, 1
botto, 1
ottom, 1
ttom_, 1
bump_, 1
rcle_, 1
defin, 1
efini, 1
finit, 1
inite, 1
nitel, 1
itely, 1
crude, 1
rude_, 1
ndres, 1
dress, 1
carvi, 1
arvin, 1
rving, 1
vings, 1
decor, 1
ecora, 1
corat, 1
orati, 1
shimm, 1
himme, 1
immer, 1
mmer_, 1
loser, 1
oser_, 1
hollo, 1
click, 1
licke, 1
locki, 1
ockin, 1
plans, 1
lans_, 1
preci, 1
recip, 1
ecipi, 1
cipit, 1
ipita, 1
pitat, 1
itati, 1
tatin, 1
field, 1
ield_, 1
cool_, 1
owere, 1
wered, 1
menti, 1
entio, 1
ntion, 1
idiot, 1
diots, 1
iots_, 1
ructe, 1
reali, 1
ealiz, 1
alize, 1
lized, 1
orbit, 1
rbit_, 1
summi, 1
ummit, 1
mmit_, 1
hrowi, 1
stick, 1
ticks, 1
icks_, 1
arbal, 1
rbala, 1
balas, 1
alast, 1
lasts, 1
asts_, 1
tryin, 1
rying, 1
cloud, 1
rrows, 1
rows_, 1
rocks, 1
ocks_, 1
atica, 1
galle, 1
rong_, 1
handm, 1
andma, 1
ndmad, 1
dmade, 1
irrit, 1
rrita, 1
ritat, 1
itate, 1
tate_, 1
begin, 1
eginn, 1
ginni, 1
innin, 1
desig, 1
esign, 1
signe, 1
igned, 1
gned_, 1
drive, 1
rive_, 1
ronge, 1
onger, 1
bottl, 1
ottle, 1
rmall, 1
mally, 1
stays, 1
tays_, 1
poiso, 1
oison, 1
anthr, 1
nthro, 1
throp, 1
hropo, 1
ropol, 1
opolo, 1
polog, 1
gists, 1
ists_, 1
disse, 1
issec, 1
ssect, 1
secte, 1
scien, 1
cienc, 1
ience, 1
wants, 1
ants_, 1
sacri, 1
acrif, 1
crifi, 1
rific, 1
ifice, 1
fices, 1
ices_, 1
reaso, 1
eason, 1
ason_, 1
uninh, 1
ninha, 1
inhab, 1
nhabi, 1
habit, 1
abite, 1
bited, 1
suall, 1
inacc, 1
nacce, 1
acces, 1
ccess, 1
cessi, 1
essib, 1
withi, 1
ithin, 1
thin_, 1
langu, 1
angua, 1
nguag, 1
guage, 1
uage_, 1
syste, 1
ystem, 1
stem_, 1
fool_, 1
groun, 1
ticed, 1
disco, 1
iscon, 1
sconc, 1
conce, 1
oncer, 1
ncert, 1
certi, 1
ertin, 1
float, 1
loat_, 1
thous, 1
housa, 1
ousan, 1
usand, 1
sand_, 1
kilom, 1
ilome, 1
lomet, 1
omete, 1
swish, 1
wishe, 1
favor, 1
avori, 1
vorit, 1
orite, 1
rite_, 1
durin, 1
morni, 1
ornin, 1
owers, 1
wers_, 1
flipp, 1
lippe, 1
corde, 1
five_, 1
slato, 1
lator, 1
sions, 1
fairl, 1
airly, 1
irly_, 1
gargl, 1
argle, 1
rase_, 1
waite, 1
aited, 1
later, 1
caugh, 1
aught, 1
tongu, 1
ongue, 1
ngue_, 1
refer, 1
efere, 1
feren, 1
erenc, 1
rence, 1
rases, 1
ases_, 1
tarts, 1
filli, 1
illin, 1
missi, 1
issin, 1
soon_, 1
gured, 1
rian_, 1
ersio, 1
rsion, 1
herde, 1
erded, 1
parti, 1
artic, 1
rticu, 1
ticul, 1
icula, 1
ularl, 1
larly, 1
loath, 1
oaths, 1
athso, 1
thsom, 1
hsome, 1
outcr, 1
utcro, 1
tcrop, 1
cropp, 1
roppi, 1
oppin, 1
wait_, 1
next_, 1
welco, 1
elcom, 1
lcome, 1
randf, 1
andfa, 1
ndfat, 1
dfath, 1
fathe, 1
spiri, 1
pirit, 1
irit_, 1
peaki, 1
fitte, 1
itted, 1
handf, 1
andfu, 1
ndful, 1
dful_, 1
urren, 1
rrenc, 1
rency, 1
wampu, 1
ampum, 1
mpum_, 1
hells, 1
treas, 1
reasu, 1
asury, 1
sury_, 1
tomor, 1
omorr, 1
morro, 1
orrow, 1
fleei, 1
leein, 1
eeing, 1
pleas, 1
lease, 1
eased, 1
ased_, 1
tice_, 1
cash_, 1
takin, 1
talks, 1
alks_, 1
eaven, 1
avenl, 1
venly, 1
enly_, 1
loot_, 1
resis, 1
esist, 1
sist_, 1
appil, 1
ppily, 1
pily_, 1
earne, 1
arned, 1
neede, 1
eeded, 1
eded_, 1
histo, 1
istor, 1
story, 1
tory_, 1
past_, 1
recen, 1
ecent, 1
addit, 1
dditi, 1
igiou, 1
gious, 1
livin, 1
iving, 1
confi, 1
onfin, 1
nfine, 1
fined, 1
idea_, 1
devel, 1
evelo, 1
velop, 1
elop_, 1
occur, 1
ccurr, 1
urred, 1
happe, 1
appen, 1
ppene, 1
geolo, 1
turno, 1
urnov, 1
rnove, 1
nover, 1
wampy, 1
ampy_, 1
forme, 1
ormed, 1
wande, 1
ander, 1
valle, 1
shiny, 1
hiny_, 1
poure, 1
oured, 1
strea, 1
tream, 1
ream_, 1
magic, 1
agic_, 1
cooli, 1
oolin, 1
oling, 1
pumpe, 1
conde, 1
ndens, 1
dense, 1
enser, 1
nser_, 1
hurt_, 1
mutat, 1
utati, 1
tatio, 1
bred_, 1
true_, 1
city_, 1
centu, 1
entur, 1
nturi, 1
turie, 1
uries, 1
cial_, 1
branc, 1
ranch, 1
anch_, 1
erved, 1
rved_, 1
viola, 1
iolat, 1
olate, 1
lated, 1
estro, 1
stroy, 1
troye, 1
royed, 1
revol, 1
evolt, 1
volt_, 1
strif, 1
trife, 1
rife_, 1
murde, 1
urder, 1
estru, 1
armed, 1
mobs_, 1
fough, 1
band_, 1
sacre, 1
acred, 1
cred_, 1
walk_, 1
mess_, 1
lowed, 1
mayhe, 1
ayhem, 1
yhem_, 1
taken, 1
forms, 1
orms_, 1
rotec, 1
otect, 1
tecte, 1
cells, 1
hadn_, 1
cheer, 1
heerf, 1
eerfu, 1
erful, 1
rfull, 1
diplo, 1
iplom, 1
ploma, 1
lomac, 1
omacy, 1
macy_, 1
sighe, 1
ighed, 1
ghed_, 1
snaps, 1
naps_, 1
odele, 1
deled, 1
passa, 1
assab, 1
ssabl, 1
sable, 1
featu, 1
eatur, 1
havin, 1
aving, 1
tooth, 1
oothy, 1
othy_, 1
mandi, 1
andib, 1
ndibl, 1
dible, 1
exact, 1
xactl, 1
actly, 1
sooth, 1
oothe, 1
othe_, 1
ignor, 1
gnora, 1
noran, 1
orant, 1
rant_, 1
abori, 1
borig, 1
origi, 1
rigin, 1
igine, 1
gine_, 1
dried, 1
hella, 1
ellac, 1
llac_, 1
scene, 1
cene_, 1
howev, 1
oweve, 1
wever, 1
weari, 1
earin, 1
remot, 1
emote, 1
motel, 1
otely, 1
umano, 1
manoi, 1
anoid, 1
noid_, 1
aimin, 1
iming, 1
rians, 1
ians_, 1
peele, 1
tache, 1
attra, 1
ttrac, 1
green, 1
tails, 1
ails_, 1
cloth, 1
lothe, 1
othes, 1
thes_, 1
along, 1
elect, 1
lectr, 1
ectro, 1
ctron, 1
troni, 1
ronic, 1
onic_, 1
ancho, 1
nchor, 1
chore, 1
hored, 1
ored_, 1
waist, 1
aist_, 1
wire_, 1
lengt, 1
ength, 1
ngth_, 1
mirro, 1
irror, 1
horri, 1
orrib, 1
rribl, 1
rible, 1
effec, 1
ffect, 1
fecti, 1
ectiv, 1
rear_, 1
duck_, 1
helpe, 1
elped, 1
lped_, 1
resem, 1
esemb, 1
sembl, 1
embla, 1
mblan, 1
blanc, 1
lance, 1
hills, 1
ills_, 1
amphi, 1
mphib, 1
phibi, 1
hibio, 1
ibiou, 1
bious, 1
hover, 1
rand_, 1
sight, 1
laged, 1
sort_, 1
cardb, 1
ardbo, 1
rdboa, 1
dboar, 1
board, 1
oard_, 1
flapp, 1
lappi, 1
appin, 1
wings, 1
obvio, 1
bviou, 1
iousl, 1
ously, 1
usly_, 1
fligh, 1
impre, 1
mpres, 1
essiv, 1
ssive, 1
spott, 1
potte, 1
otted, 1
reame, 1
eamed, 1
amed_, 1
mille, 1
mobbe, 1
obbed, 1
plaza, 1
laza_, 1
ronti, 1
folde, 1
olded, 1
lded_, 1
arms_, 1
regal, 1
greet, 1
reeti, 1
tings, 1
erver, 1
rvers, 1
vers_, 1
throa, 1
hroat, 1
roat_, 1
adioe, 1
dioed, 1
ioed_, 1
jaws_, 1
chomp, 1
hompe, 1
omped, 1
rattl, 1
attle, 1
tantl, 1
antly, 1
squar, 1
quare, 1
uare_, 1
echoe, 1
choed, 1
hoed_, 1
credu, 1
redul, 1
edulo, 1
dulou, 1
ulous, 1
lous_, 1
prost, 1
rostr, 1
ostra, 1
thems, 1
hemse, 1
emsel, 1
mselv, 1
selve, 1
elves, 1
lves_, 1
reami, 1
eamin, 1
aming, 1
oubtf, 1
ubtfu, 1
btful, 1
spear, 1
picke, 1
wamp_, 1
buyin, 1
uying, 1
poke_, 1
stood, 1
tood_, 1
mutte, 1
utter, 1
offen, 1
ffens, 1
fensi, 1
begon, 1
egone, 1
gone_, 1
steed, 1
teed_, 1
palm_, 1
faste, 1
wind_, 1
torn_, 1
raine, 1
ained, 1
oglin, 1
gling, 1
ascen, 1
scent, 1
walke, 1
doors, 1
oors_, 1
answe, 1
nswer, 1
swer_, 1
mall_, 1
hoped, 1
oped_, 1
taboo, 1
aboos, 1
boos_, 1
murky, 1
urky_, 1
slosh, 1
loshi, 1
oshin, 1
leade, 1
eader, 1
aders, 1
ddled, 1
cold_, 1
fishy, 1
ishy_, 1
growl, 1
rowle, 1
owled, 1
name_, 1
hirte, 1
irtee, 1
rteen, 1
teent, 1
eenth, 1
scaly, 1
caly_, 1
gestu, 1
estur, 1
sture, 1
ceili, 1
eilin, 1
buzz_, 1
rise_, 1
showi, 1
howin, 1
hear_, 1
heels, 1
eels_, 1
turni, 1
moss_, 1
foreh, 1
orehe, 1
rehea, 1
ehead, 1
lunge, 1
unged, 1
dripp, 1
liar_, 1
stor_, 1
stop_, 1
thund, 1
hunde, 1
ndere, 1
dered, 1
emiss, 1
missa, 1
issar, 1
ssary, 1
sary_, 1
harm_, 1
wrath, 1
rath_, 1
those, 1
hose_, 1
claw_, 1
flick, 1
licki, 1
ickin, 1
coin_, 1
grena, 1
renad, 1
enade, 1
nade_, 1
blew_, 1
show_, 1
noise, 1
oise_, 1
smoke, 1
moke_, 1
talki, 1
meeti, 1
shama, 1
haman, 1
amans, 1
mans_, 1
blic_, 1
batht, 1
athtu, 1
thtub, 1
htub_, 1
join_, 1
jawed, 1
awed_, 1
settl, 1
ettle, 1
major, 1
ajor_, 1
oints, 1
previ, 1
revio, 1
eviou, 1
ones_, 1
boile, 1
oiled, 1
letti, 1
cease, 1
ease_, 1
bough, 1
tenta, 1
entat, 1
ntati, 1
tativ, 1
tivel, 1
ively, 1
eaved, 1
aved_, 1
trick, 1
rickl, 1
ickle, 1
muddy, 1
uddy_, 1
paths, 1
aths_, 1
acros, 1
cross, 1
ross_, 1
prope, 1
roper, 1
oper_, 1
undou, 1
ndoub, 1
oubte, 1
ubted, 1
btedl, 1
rule_, 1
peer_, 1
ruled, 1
uled_, 1
hence, 1
encef, 1
ncefo, 1
cefor, 1
efort, 1
swear, 1
teeth, 1
eeth_, 1
peeki, 1
eekin, 1
eking, 1
suitc, 1
uitca, 1
itcas, 1
tcase, 1
also_, 1
gnali, 1
nalin, 1
aling, 1
nderp, 1
derpr, 1
erpri, 1
rprie, 1
carri, 1
arrie, 1
rried, 1
brazi, 1
razie, 1
azier, 1
zier_, 1
irons, 1
rons_, 1
stirr, 1
tirre, 1
irred, 1
coals, 1
oals_, 1
ruddi, 1
uddie, 1
ddies, 1
diest, 1
drawi, 1
rawin, 1
awing, 1
bead_, 1
eyeba, 1
yebal, 1
eball, 1
ball_, 1
gear_, 1
lindi, 1
indin, 1
mend_, 1
laugh, 1
augh_, 1
hurl_, 1
mysel, 1
yself, 1
conds, 1
onds_, 1
agree, 1
gree_, 1
turer, 1
urer_, 1
sniff, 1
niffl, 1
iffle, 1
ffled, 1
gate_, 1
crash, 1
rashe, 1
ashed, 1
stalk, 1
bange, 1
anged, 1
dark_, 1
shuff, 1
huffl, 1
uffli, 1
fflin, 1
fling, 1
nearb, 1
earby, 1
arby_, 1
flash, 1
lash_, 1
gropi, 1
ropin, 1
oping, 1
pits_, 1
word_, 1
crumb, 1
rumbl, 1
racke, 1
acked, 1
tairw, 1
airwa, 1
irway, 1
broug, 1
solid, 1
olid_, 1
doorw, 1
oorwa, 1
orway, 1
label, 1
abele, 1
beled, 1
archa, 1
rchai, 1
chaic, 1
haic_, 1
scrip, 1
cript, 1
ript_, 1
autho, 1
uthor, 1
thori, 1
horiz, 1
orize, 1
rized, 1
perso, 1
erson, 1
rsonn, 1
sonne, 1
onnel, 1
nnel_, 1
trust, 1
rusti, 1
ustin, 1
lock_, 1
merel, 1
erely, 1
rely_, 1
unzip, 1
nzipp, 1
zippe, 1
lage_, 1
stumb, 1
tumbl, 1
ights, 1
ghts_, 1
resid, 1
esidu, 1
sidue, 1
idue_, 1
emerg, 1
merge, 1
ergen, 1
rgenc, 1
gency, 1
batte, 1
tteri, 1
terie, 1
eries, 1
indic, 1
ndica, 1
dicat, 1
icato, 1
cator, 1
shape, 1
hape_, 1
unexp, 1
nexpe, 1
expec, 1
xpect, 1
ctedl, 1
lishi, 1
ishin, 1
dings, 1
caref, 1
arefu, 1
reful, 1
efull, 1
suspe, 1
uspec, 1
eager, 1
ager_, 1
lishe, 1
hrown, 1
rown_, 1
ended, 1
evers, 1
ersin, 1
rsing, 1
suppo, 1
uppos, 1
ppose, 1
posed, 1
osed_, 1
dampe, 1
amped, 1
overh, 1
verhe, 1
erhea, 1
rheat, 1
heat_, 1
atic_, 1
afeti, 1
fetie, 1
eties, 1
dumpe, 1
left_, 1
play_, 1
easie, 1
asier, 1
sier_, 1
tenth, 1
size_, 1
bucke, 1
ucket, 1
cket_, 1
bolts, 1
olts_, 1
times, 1
imes_, 1
ninet, 1
inety, 1
nety_, 1
movin, 1
oving, 1
suffe, 1
uffer, 1
ffere, 1
fered, 1
whate, 1
hatev, 1
ateve, 1
tever, 1
beefe, 1
eefed, 1
efed_, 1
feed_, 1
examp, 1
xampl, 1
ample, 1
openi, 1
penin, 1
ening, 1
bigge, 1
igger, 1
gger_, 1
list_, 1
odds_, 1
ends_, 1
chute, 1
huted, 1
neat_, 1
loade, 1
oaded, 1
darke, 1
arkes, 1
rkest, 1
kest_, 1
darte, 1
seen_, 1
given, 1
iven_, 1
boome, 1
oomed, 1
omed_, 1
rders, 1
sweat, 1
weati, 1
eatin, 1
njoye, 1
joyed, 1
resti, 1
estin, 1
woke_, 1
plent, 1
lenty, 1
groan, 1
roani, 1
oanin, 1
aning, 1
wall_, 1
leads, 1
eads_, 1
gadge, 1
adget, 1
dget_, 1
refre, 1
efres, 1
reshi, 1
eshin, 1
momen, 1
oment, 1
minut, 1
inute, 1
nutes, 1
rgle_, 1
roar_, 1
shake, 1
haken, 1
shaki, 1
hakin, 1
unhap, 1
nhapp, 1
appie, 1
ppier, 1
pier_, 1
arred, 1
shall, 1
remai, 1
emain, 1
tend_, 1
erve_, 1
delig, 1
eligh, 1
ightf, 1
ghtfu, 1
htful, 1
prosp, 1
rospe, 1
ospec, 1
pect_, 1
etern, 1
terni, 1
ernit, 1
rnity, 1
nity_, 1
spite, 1
pite_, 1
hospi, 1
ospit, 1
spita, 1
pital, 1
itali, 1
talit, 1
ality, 1
lity_, 1
accep, 1
ccept, 1
cept_, 1
dare_, 1
nterf, 1
terfe, 1
erfer, 1
rfere, 1
fere_, 1
vibra, 1
ibrat, 1
brati, 1
shook, 1
hook_, 1
cring, 1
ringe, 1
inged, 1
beam_, 1
jamb_, 1
crunc, 1
runch, 1
unchi, 1
nchin, 1
bangi, 1
angin, 1
nging, 1
swung, 1
wung_, 1
rotes, 1
otest, 1
test_, 1
clan_, 1
rucku, 1
uckus, 1
ckus_, 1
weldi, 1
eldin, 1
benea, 1
eneat, 1
neath, 1
surfa, 1
urfac, 1
rface, 1
lack_, 1
court, 1
ourte, 1
urtes, 1
rtesy, 1
tesy_, 1
bubbl, 1
ubble, 1
bbles, 1
annoy, 1
nnoye, 1
noyed, 1
forbi, 1
orbid, 1
rbid_, 1
entra, 1
ntran, 1
tranc, 1
rance, 1
inner, 1
nner_, 1
kindn, 1
indne, 1
ndnes, 1
dness, 1
maste, 1
frigh, 1
ighte, 1
ghten, 1
htene, 1
tened, 1
astis, 1
stisk, 1
tiski, 1
iskin, 1
jamme, 1
ammed, 1
mmed_, 1
phony, 1
hony_, 1
authe, 1
uthen, 1
thent, 1
henti, 1
entic, 1
ntic_, 1
odor_, 1
stagg, 1
agger, 1
ggere, 1
gered, 1
admit, 1
dmit_, 1
prett, 1
retty, 1
etty_, 1
grapp, 1
rappl, 1
apple, 1
pples, 1
ples_, 1
latch, 1
lates, 1
ates_, 1
beast, 1
backw, 1
ackwa, 1
ckwar, 1
kward, 1
sail_, 1
brave, 1
avely, 1
facin, 1
acing, 1
cing_, 1
sunse, 1
unset, 1
nset_, 1
inste, 1
nstea, 1
stead, 1
tead_, 1
soare, 1
oared, 1
tuati, 1
uatio, 1
snapp, 1
nappy, 1
milit, 1
ilita, 1
litar, 1
itary, 1
salut, 1
alute, 1
resh_, 1
poked, 1
holes, 1
oles_, 1
seare, 1
eared, 1
growi, 1
malle, 1
aller, 1
ller_, 1
gushi, 1
ushin, 1
happy, 1
tiles, 1
iles_, 1
sport, 1
porti, 1
ortin, 1
rush_, 1
talon, 1
alons, 1
lons_, 1
forgo, 1
orgot, 1
rgott, 1
gotte, 1
otten, 1
tten_, 1
seale, 1
ealed, 1
sabot, 1
abota, 1
botag, 1
otage, 1
tage_, 1
denta, 1
ental, 1
ntal_, 1
delib, 1
elibe, 1
liber, 1
ibera, 1
berat, 1
satis, 1
atisf, 1
tisfi, 1
isfie, 1
sfied, 1
fied_, 1
duly_, 1
added, 1
fact_, 1
proba, 1
robab, 1
obabl, 1
bably, 1
ably_, 1
conke, 1
onked, 1
butch, 1
utche, 1
tcher, 1
cheri, 1
herin, 1
antag, 1
ntago, 1
tagon, 1
agoni, 1
gonis, 1
onist, 1
nisti, 1
istic, 1
futur, 1
uture, 1
cestr, 1
estra, 1
stral, 1
tral_, 1
ngers, 1
gers_, 1
strip, 1
tripp, 1
rippe, 1
tatte, 1
ransc, 1
anscr, 1
nscri, 1
scrib, 1
cribe, 1
riber, 1
iber_, 1
etext, 1
text_, 1
febru, 1
ebrua, 1
bruar, 1
ruary, 1
uary_, 1
exten, 1
xtens, 1
tensi, 1
resea, 1
esear, 1
searc, 1
earch, 1
arch_, 1
uncov, 1
ncove, 1
evide, 1
viden, 1
idenc, 1
copyr, 1
opyri, 1
pyrig, 1
yrigh, 1
blica, 1
icati, 1
renew, 1
enewe, 1
newed, 1
ewed_, 1
