4-gram, count
the_, 2661
ing_, 1446
hat_, 1327
and_, 1322
that, 1013
you_, 950
was_, 938
her_, 796
his_, 631
ther, 627
ere_, 603
not_, 551
she_, 508
had_, 503
ave_, 463
here, 454
ould, 452
ted_, 445
but_, 429
nce_, 423
poir, 419
oiro, 419
irot, 419
rot_, 419
uld_, 413
have, 404
thin, 388
red_, 384
ingl, 381
with, 361
ght_, 356
ion_, 356
ent_, 347
ngle, 346
thor, 346
etho, 345
ith_, 343
one_, 341
glet, 338
leth, 338
horp, 338
een_, 337
orp_, 335
for_, 333
all_, 316
tion, 312
what, 312
ill_, 312
out_, 308
hing, 293
ight, 291
ter_, 289
aid_, 286
now_, 277
hen_, 272
ked_, 269
ough, 267
ence, 266
ned_, 266
very, 256
said, 255
been, 248
him_, 248
ever, 245
yes_, 245
will, 243
mrs_, 234
ard_, 234
ery_, 233
lly_, 232
ver_, 229
ell_, 227
ome_, 219
are_, 217
sed_, 213
tly_, 210
did_, 209
this, 208
our_, 207
ble_, 205
ied_, 199
ting, 198
ish_, 197
know, 196
ning, 194
ely_, 194
woul, 193
some, 192
john, 189
ohn_, 188
aven, 185
from, 184
rom_, 184
were, 182
ess_, 179
ment, 176
own_, 174
endi, 171
ndis, 170
othe, 167
dish, 166
nly_, 166
ally, 165
ore_, 163
cave, 163
vend, 163
ust_, 162
ered, 162
then, 162
thou, 161
ward, 158
led_, 155
ain_, 155
man_, 155
self, 154
elf_, 154
est_, 152
well, 152
ttle, 149
coul, 149
ugh_, 148
room, 148
houg, 147
old_, 146
oom_, 145
tle_, 144
tter, 144
ook_, 143
ary_, 142
ite_, 141
look, 140
over, 140
your, 139
ught, 139
ous_, 136
ime_, 136
who_, 135
king, 135
ded_, 133
ine_, 132
ace_, 132
ind_, 131
ound, 130
ame_, 129
time, 128
ake_, 128
abou, 128
way_, 128
take, 127
bout, 126
litt, 125
ant_, 125
fter, 124
ittl, 124
ink_, 123
afte, 123
hey_, 123
hink, 123
ast_, 122
ich_, 122
ure_, 122
whic, 121
hich, 121
they, 121
oor_, 121
hand, 118
ner_, 118
atio, 117
day_, 117
able, 117
use_, 116
nthi, 115
ious, 114
see_, 114
ers_, 114
cynt, 114
ynth, 114
thia, 114
hia_, 114
quit, 114
ring, 113
miss, 113
sir_, 113
ood_, 112
can_, 112
ose_, 111
renc, 111
shou, 111
ress, 110
when, 110
gain, 109
uch_, 109
ice_, 109
don_, 109
houl, 109
end_, 108
ear_, 108
how_, 108
owar, 108
nder, 107
hed_, 106
ours, 105
der_, 105
uite, 104
ison, 104
agai, 103
say_, 103
erst, 102
ity_, 102
like, 102
noth, 102
und_, 102
made, 102
ase_, 101
inte, 101
ide_, 101
them, 101
ive_, 100
wren, 100
ried, 99
lawr, 99
awre, 99
ead_, 99
inst, 99
howa, 99
iden, 99
ced_, 97
tain, 97
hem_, 97
fore, 96
ance, 96
ost_, 96
tell, 96
nto_, 96
iss_, 96
has_, 95
ding, 95
into, 95
athe, 94
come, 94
ngs_, 94
esti, 93
dly_, 93
turn, 93
must, 92
rest, 91
nter, 91
side, 91
down, 91
stin, 91
ate_, 91
sion, 91
ings, 91
hear, 91
ays_, 90
neve, 90
call, 90
poss, 90
door, 90
atte, 89
ouse, 88
rien, 88
stan, 87
pres, 87
ved_, 87
urse, 87
once, 87
lock, 87
ect_, 86
ster, 86
uest, 86
ying, 86
reat, 86
son_, 86
elie, 86
frie, 85
iend, 85
age_, 85
mber, 85
any_, 85
ques, 84
ons_, 84
aske, 84
unde, 84
rcas, 84
les_, 82
ssed, 82
ssib, 82
omen, 82
sked, 81
efor, 81
two_, 81
ated, 81
ossi, 81
dorc, 81
orca, 81
cas_, 81
case, 80
good, 80
reme, 80
ined, 80
ful_, 80
ack_, 80
went, 80
ike_, 80
embe, 79
real, 79
othi, 79
last, 78
ness, 78
mary, 78
med_, 78
only, 78
sted, 78
ong_, 78
nts_, 77
chni, 77
arre, 77
memb, 77
wher, 77
hous, 77
sure, 77
ling, 77
mome, 77
most, 76
cour, 76
nine, 75
more, 75
llow, 75
ible, 75
ped_, 75
ntly, 75
oner, 75
head, 75
stry, 74
tryc, 74
rych, 74
ychn, 74
hnin, 74
rly_, 74
roug, 74
ily_, 73
ken_, 73
rse_, 73
vide, 73
denc, 73
cont, 72
stil, 72
rtai, 72
grea, 72
eard, 72
ged_, 72
face, 72
righ, 72
entl, 72
ock_, 72
mean, 72
este, 72
oked, 71
alfr, 71
lfre, 71
fred, 71
ieve, 71
hall, 71
appe, 71
offe, 71
even, 70
sibl, 70
tive, 70
bly_, 70
ein_, 69
till, 69
pris, 69
emem, 69
erta, 69
pect, 69
fact, 69
rned, 69
came, 69
ade_, 69
migh, 69
sly_, 69
cert, 68
liev, 68
befo, 68
pois, 68
evid, 68
ains, 67
full, 67
beli, 67
oiso, 67
baue, 66
auer, 66
uers, 66
rste, 66
stei, 66
tein, 66
tere, 66
ooke, 66
than, 66
much, 66
rema, 66
mist, 66
rst_, 66
spec, 66
onsi, 65
aken, 65
rds_, 65
rath, 64
meth, 64
just, 64
rnin, 64
per_, 64
vely, 64
ethe, 64
essi, 63
port, 63
omet, 63
ened, 63
thro, 63
itte, 63
idea, 63
coff, 63
ffee, 63
fee_, 63
nigh, 62
ife_, 62
too_, 62
aper, 62
styl, 61
ions, 61
lled, 61
ully, 61
oice, 61
ette, 61
long, 61
rder, 61
pape, 61
ders, 61
pers, 60
cted, 60
make, 60
part, 60
eat_, 60
urne, 60
why_, 60
ving, 59
esse, 59
took, 59
word, 59
voic, 59
tyle, 58
elle, 58
mind, 58
iste, 58
asti, 58
seem, 58
admi, 58
foun, 58
yles, 57
sing, 57
nds_, 57
ctly, 57
ways, 57
ber_, 57
ethi, 57
dden, 57
wing, 57
eve_, 57
atch, 57
ture, 57
stio, 57
ousl, 57
usly, 57
ical, 57
ythi, 57
ause, 57
susp, 56
enin, 56
tely, 56
hast, 56
dea_, 56
ount, 55
ange, 55
mark, 55
late, 55
oint, 55
firs, 55
irst, 55
ecti, 55
enti, 55
murd, 55
back, 55
ared, 55
act_, 55
riou, 54
tten, 54
conv, 54
ven_, 54
ady_, 54
rsel, 54
oes_, 54
art_, 53
eing, 53
ligh, 53
supp, 53
alle, 53
udde, 53
leas, 53
poin, 53
tand, 53
star, 52
less, 52
coun, 52
moth, 52
plac, 52
low_, 52
atur, 52
pass, 52
ten_, 51
ise_, 51
shed, 51
akin, 51
oing, 51
cked, 51
sudd, 51
oon_, 51
nted, 51
read, 51
hrou, 51
air_, 50
ies_, 50
mons, 50
sent, 50
told, 50
stro, 50
sieu, 50
ieur, 50
ecte, 49
tabl, 49
cons, 49
isel, 49
impo, 49
want, 49
thes, 49
int_, 49
ove_, 49
dded, 48
care, 48
nst_, 48
band, 48
sone, 48
serv, 48
lain, 47
used, 47
eed_, 47
lace, 47
eath, 47
hers, 47
itat, 47
ctio, 47
matt, 47
crie, 47
conf, 47
oise, 47
caus, 47
expl, 46
writ, 46
open, 46
emen, 46
alwa, 46
lway, 46
ente, 46
aine, 46
ple_, 46
gree, 46
away, 46
stra, 46
bed_, 46
eyes, 46
does, 46
disc, 46
urde, 46
tate, 46
eur_, 46
rres, 45
plai, 45
bein, 45
avin, 45
wed_, 45
han_, 45
ses_, 45
its_, 45
repl, 45
new_, 45
tes_, 44
nded, 44
nger, 44
enly, 44
off_, 44
lear, 44
wind, 44
demo, 44
dere, 44
rese, 44
conc, 44
erha, 44
ean_, 44
nsie, 44
earl, 43
orni, 43
tch_, 43
myse, 43
ysel, 43
ince, 43
osit, 43
natu, 43
lls_, 43
xpla, 42
pose, 42
owed, 42
emar, 42
ctor, 42
ssio, 42
eful, 42
ocke, 42
stre, 42
ched, 42
morn, 42
clea, 42
dow_, 42
husb, 42
usba, 42
sban, 42
mine, 42
cove, 42
amin, 42
ask_, 42
nest, 42
may_, 42
ject, 41
tent, 41
icul, 41
ppos, 41
arri, 41
wife, 41
ung_, 41
tor_, 41
denl, 41
tern, 41
eeme, 41
emed, 41
eall, 41
crim, 41
minu, 41
inut, 41
nute, 41
lied, 41
yet_, 41
tted, 41
mois, 41
sell, 41
lle_, 41
happ, 41
pene, 41
ins_, 40
msel, 40
sati, 40
mes_, 40
ainl, 40
inly, 40
medi, 40
mile, 40
diff, 40
find, 40
plea, 40
ese_, 40
done, 40
indo, 40
ndow, 40
pped, 40
mon_, 40
exam, 40
such, 40
ngly, 40
gly_, 40
emoi, 40
tant, 40
ross, 39
ater, 39
hose, 39
uppo, 39
comp, 39
reas, 39
smil, 39
roun, 39
hese, 39
mann, 39
ming, 39
oget, 39
dete, 39
isco, 39
ably, 39
ept_, 39
adem, 39
nten, 38
eave, 38
rang, 38
erse, 38
tice, 38
fell, 38
quar, 38
toge, 38
geth, 38
put_, 38
spea, 38
ecau, 38
rone, 38
ents, 37
inqu, 37
acco, 37
fect, 37
cros, 37
arly, 37
rise, 37
woma, 37
oman, 37
ger_, 37
vill, 37
illa, 37
ords, 37
lowe, 37
shal, 37
draw, 37
few_, 37
lett, 37
asse, 37
ath_, 37
rely, 37
plie, 37
ami_, 37
hims, 37
imse, 37
peak, 37
mpor, 37
orta, 37
coro, 37
beca, 37
riso, 37
mily, 36
give, 36
leav, 36
wer_, 36
unti, 36
eft_, 36
oned, 36
ctiv, 36
erin, 36
ugge, 36
gest, 36
stai, 36
rate, 36
test, 36
xami, 36
oron, 36
ves_, 35
uall, 35
havi, 35
ears, 35
ars_, 35
lity, 35
ial_, 35
left, 35
youn, 35
oung, 35
rked, 35
goin, 35
llag, 35
lage, 35
foll, 35
ollo, 35
ral_, 35
ured, 35
lent, 35
posi, 35
zed_, 35
atel, 35
rtan, 35
ces_, 34
oss_, 34
ease, 34
ext_, 34
nodd, 34
odde, 34
erno, 34
rnoo, 34
noon, 34
dear, 34
enou, 34
ntil, 34
til_, 34
augh, 34
okin, 34
airs, 34
irs_, 34
nati, 34
scov, 34
saw_, 34
chan, 34
exac, 34
xact, 34
help, 34
ppen, 34
bolt, 34
sign, 34
piec, 34
iece, 34
ole_, 33
urs_, 33
ndin, 33
itin, 33
surp, 33
urpr, 33
rpri, 33
ands, 33
erso, 33
rson, 33
sses, 33
thei, 33
heir, 33
eir_, 33
otic, 33
tati, 33
refu, 33
forg, 33
gave, 33
eare, 33
esen, 33
veni, 33
dres, 33
perh, 33
rhap, 33
haps, 33
aps_, 33
walk, 33
terr, 33
ized, 33
let_, 33
extr, 33
dest, 33
ttin, 33
anni, 33
ping, 33
aged, 32
icio, 32
tanc, 32
fort, 32
nsid, 32
mple, 32
arke, 32
ffic, 32
got_, 32
ree_, 32
noug, 32
oke_, 32
shoo, 32
nner, 32
pon_, 32
inge, 32
cal_, 32
kind, 32
next, 32
ppea, 32
actl, 32
epli, 32
anyt, 32
nyth, 32
rnes, 32
gent, 32
ece_, 32
cup_, 32
estr, 32
tart, 31
duce, 31
ist_, 31
seen, 31
rrie, 31
ener, 31
step, 31
fied, 31
bear, 31
ntin, 31
quie, 31
twee, 31
ooki, 31
dent, 31
aste, 31
curi, 31
bjec, 31
tura, 31
upon, 31
rave, 31
hold, 31
erly, 31
pear, 31
eate, 31
ines, 31
rdin, 31
lted, 31
cloc, 31
rrel, 31
ells, 31
fair, 30
char, 30
rage, 30
nown, 30
hole, 30
dle_, 30
doct, 30
octo, 30
ishe, 30
vers, 30
inal, 30
rred, 30
iled, 30
doub, 30
nced, 30
rent, 30
onde, 30
hook, 30
ffer, 30
cide, 30
urio, 30
ural, 30
ilit, 30
tect, 30
ued_, 30
prob, 30
tair, 30
hang, 30
tica, 30
llin, 30
ordi, 30
betw, 30
etwe, 30
ween, 30
eak_, 30
eali, 30
deat, 30
mitt, 30
uarr, 30
rsta, 30
coco, 30
oco_, 30
nque, 29
uspi, 29
spic, 29
pici, 29
whol, 29
lady, 29
ort_, 29
prec, 29
istr, 29
main, 29
owin, 29
anot, 29
onve, 29
expr, 29
xpre, 29
ised, 29
tful, 29
usua, 29
sual, 29
erve, 29
ters, 29
mina, 29
rime, 29
prov, 29
rove, 29
lkin, 29
heav, 29
nged, 29
cite, 29
ited, 29
ista, 29
cand, 29
japp, 29
app_, 29
rodu, 28
oduc, 28
rous, 28
yed_, 28
ived, 28
acti, 28
ire_, 28
noti, 28
usin, 28
tres, 28
uiet, 28
rew_, 28
eart, 28
anne, 28
eal_, 28
rwar, 28
etec, 28
ark_, 28
same, 28
ivel, 28
elp_, 28
proc, 28
emai, 28
alon, 28
kly_, 28
answ, 28
nswe, 28
swer, 28
onti, 28
tinu, 28
ceed, 28
rose, 27
ense, 27
unt_, 27
near, 27
thos, 27
show, 27
itio, 27
ello, 27
oubt, 27
ply_, 27
trai, 27
almo, 27
lmos, 27
lanc, 27
dmin, 27
aref, 27
ank_, 27
atin, 27
vere, 27
comm, 27
roba, 27
uspe, 27
kes_, 27
rect, 27
sinc, 27
ards, 27
andl, 27
tnes, 27
olte, 27
aliz, 27
edly, 27
rel_, 27
troy, 27
men_, 27
erio, 26
cion, 26
ory_, 26
ryin, 26
ghte, 26
tic_, 26
cial, 26
ract, 26
name, 26
ute_, 26
lack, 26
anno, 26
sten, 26
work, 26
rted, 26
eep_, 26
wish, 26
fere, 26
inat, 26
pen_, 26
bili, 26
obab, 26
grav, 26
siti, 26
reco, 26
ndle, 26
roce, 26
xtra, 26
nish, 26
erne, 26
ntio, 26
cts_, 26
ende, 25
nal_, 25
sist, 25
arti, 25
howe, 25
seve, 25
ayin, 25
ortu, 25
rtun, 25
edic, 25
plan, 25
expe, 25
reci, 25
anyo, 25
nyon, 25
yone, 25
east, 25
arm_, 25
wond, 25
tea_, 25
gges, 25
eady, 25
fing, 25
eral, 25
babl, 25
ord_, 25
mati, 25
true, 25
eryt, 25
ryth, 25
brea, 25
ante, 25
vant, 25
arin, 25
rong, 25
lize, 25
riti, 25
teri, 24
trag, 24
edy_, 24
utio, 24
nse_, 24
hard, 24
deli, 24
ased, 24
dist, 24
cess, 24
arte, 24
eet_, 24
row_, 24
sugg, 24
aint, 24
hank, 24
hes_, 24
occu, 24
rue_, 24
poor, 24
ging, 24
knew, 24
boud, 24
oudo, 24
udoi, 24
doir, 24
oir_, 24
witn, 24
itne, 24
ief_, 24
key_, 24
ocee, 24
vour, 24
isn_, 23
eres, 23
keep, 23
inct, 23
icat, 23
reli, 23
ile_, 23
fina, 23
ans_, 23
didn, 23
idn_, 23
nnin, 23
wait, 23
far_, 23
unch, 23
nste, 23
drew, 23
ody_, 23
nch_, 23
ghtf, 23
emil, 23
clev, 23
leve, 23
ispe, 23
exci, 23
xcit, 23
rett, 23
inis, 23
inar, 23
risk, 23
ikel, 23
ibly, 23
erat, 23
lose, 23
inue, 23
erfe, 23
lse_, 23
chem, 23
avou, 23
gedy, 22
ates, 22
both, 22
oth_, 22
sile, 22
ilen, 22
acro, 22
year, 22
inde, 22
bere, 22
vent, 22
tinc, 22
ifie, 22
nall, 22
stat, 22
easo, 22
ason, 22
reen, 22
form, 22
land, 22
eren, 22
glan, 22
watc, 22
olic, 22
spok, 22
poke, 22
body, 22
insi, 22
love, 22
get_, 22
iffe, 22
feel, 22
cept, 22
list, 22
htfu, 22
assi, 22
lous, 22
poli, 22
ips_, 22
disp, 22
ury_, 22
utes, 22
alke, 22
lked, 22
rupt, 22
ache, 22
elli, 22
gone, 22
bott, 22
erva, 22
hesi, 22
need, 22
lect, 22
ific, 22
hour, 22
perf, 22
stoo, 22
powd, 22
owde, 22
wder, 22
else, 22
hemi, 22
emis, 22
resh, 21
rthe, 21
lenc, 21
iona, 21
home, 21
ssin, 21
rdly, 21
marr, 21
ower, 21
ompl, 21
uth_, 21
fess, 21
icin, 21
cult, 21
auti, 21
ond_, 21
dge_, 21
impl, 21
rain, 21
elt_, 21
unte, 21
tal_, 21
oppe, 21
nver, 21
ersa, 21
soon, 21
ches, 21
murm, 21
urmu, 21
rmur, 21
stru, 21
tran, 21
evel, 21
stak, 21
uldn, 21
ldn_, 21
olen, 21
rday, 21
ande, 21
half, 21
alf_, 21
rry_, 21
indi, 21
lder, 21
lish, 21
ceiv, 21
nary, 21
mond, 21
nday, 21
desp, 21
deci, 21
rfec, 21
kely, 21
nued, 21
uced, 20
uly_, 20
fres, 20
stor, 20
ular, 20
ardl, 20
sons, 20
ider, 20
try_, 20
cate, 20
iffi, 20
ult_, 20
thre, 20
appr, 20
rsat, 20
hair, 20
pted, 20
ote_, 20
den_, 20
senc, 20
comi, 20
omin, 20
elyn, 20
lyn_, 20
eant, 20
lice, 20
viol, 20
iole, 20
ntle, 20
brou, 20
antl, 20
ccur, 20
mess, 20
shar, 20
rown, 20
busi, 20
gue_, 20
essa, 20
eque, 20
onda, 20
exce, 20
avel, 20
inin, 20
esit, 20
sita, 20
ruth, 20
clos, 20
sibi, 20
ibil, 20
tood, 20
obse, 20
prod, 19
ided, 19
onal, 19
set_, 19
spen, 19
rabl, 19
life, 19
dici, 19
xpec, 19
ficu, 19
econ, 19
solu, 19
olut, 19
ubt_, 19
simp, 19
pare, 19
lay_, 19
laug, 19
arde, 19
sigh, 19
truc, 19
nge_, 19
ual_, 19
urn_, 19
ithe, 19
mous, 19
mere, 19
iate, 19
onin, 19
rmin, 19
lips, 19
hurr, 19
urin, 19
reak, 19
dina, 19
also, 19
lso_, 19
tire, 19
excl, 19
xcla, 19
ize_, 19
uilt, 19
ssag, 19
sage, 19
rved, 19
brin, 19
rvan, 19
quic, 19
uick, 19
ontr, 19
trut, 19
each, 19
nate, 19
viou, 19
wilk, 19
ilki, 19
kins, 19
nnie, 19
ntel, 19
fain, 19
tche, 19
opin, 19
gnif, 19
nifi, 19
edin, 19
etly, 19
jury, 19
esda, 19
affa, 18
ffai, 18
esh_, 18
chap, 18
ccou, 18
sens, 18
rtic, 18
cula, 18
osse, 18
untr, 18
owev, 18
weve, 18
cine, 18
iced, 18
stri, 18
otte, 18
pret, 18
blac, 18
days, 18
drop, 18
felt, 18
taki, 18
spit, 18
arks, 18
ecia, 18
scri, 18
awn_, 18
usio, 18
note, 18
urni, 18
lar_, 18
nsta, 18
retu, 18
etur, 18
eith, 18
orwa, 18
yest, 18
terd, 18
erda, 18
wly_, 18
bit_, 18
ulde, 18
roke, 18
chin, 18
rriv, 18
eive, 18
trac, 18
rall, 18
rrow, 18
espe, 18
post, 18
stif, 18
hope, 18
utte, 18
ants, 18
teme, 18
corr, 18
ows_, 18
nie_, 18
stly, 18
kept, 18
summ, 18
ietl, 18
forc, 18
orce, 18
bser, 18
nclu, 18
disa, 18
dmit, 18
dame, 18
gate, 17
nces, 17
iven, 17
imes, 17
rget, 17
arra, 17
live, 17
evie, 17
vie_, 17
cond, 17
outs, 17
utsi, 17
tsid, 17
aced, 17
tray, 17
rks_, 17
lici, 17
tadm, 17
mins, 17
raig, 17
aigh, 17
tene, 17
bett, 17
rer_, 17
agre, 17
chai, 17
ired, 17
gmen, 17
forw, 17
mall, 17
ass_, 17
erri, 17
met_, 17
sive, 17
fool, 17
ikes, 17
oved, 17
soun, 17
rive, 17
harp, 17
oppo, 17
brok, 17
ngin, 17
ston, 17
ottl, 17
guil, 17
ries, 17
anci, 17
grat, 17
romi, 17
ectl, 17
trie, 17
espa, 17
patc, 17
andi, 17
urel, 17
liar, 17
iar_, 17
onvi, 17
eedi, 17
alre, 17
lrea, 17
ints, 17
favo, 17
onfi, 17
ier_, 17
ives, 17
book, 16
eles, 16
tend, 16
tory, 16
ffec, 16
tual, 16
ick_, 16
ndee, 16
deed, 16
five, 16
rati, 16
line, 16
ourt, 16
urt_, 16
arge, 16
rran, 16
elin, 16
whil, 16
tled, 16
peop, 16
eopl, 16
ople, 16
mpos, 16
sant, 16
lead, 16
pita, 16
rote, 16
resp, 16
gard, 16
ativ, 16
ool_, 16
uck_, 16
obje, 16
mmed, 16
imin, 16
ranc, 16
igni, 16
sary, 16
ampl, 16
owly, 16
dire, 16
irec, 16
drea, 16
stur, 16
curr, 16
urre, 16
mone, 16
ney_, 16
whet, 16
heth, 16
mace, 16
icke, 16
sper, 16
erru, 16
rrup, 16
nsti, 16
ndon, 16
ushe, 16
dece, 16
onfe, 16
fast, 16
ntro, 16
ciou, 16
hout, 16
eari, 16
ecid, 16
mini, 16
lief, 16
wron, 16
lone, 16
eaki, 16
fica, 16
eys_, 16
six_, 16
resu, 16
top_, 16
osed, 16
earn, 16
gged, 16
tlem, 16
toni, 16
desk, 16
esk_, 16
ntra, 16
lige, 16
oncl, 16
ommi, 16
mmit, 16
view, 15
fami, 15
amil, 15
ticu, 15
atic, 15
rary, 15
allo, 15
ecis, 15
lute, 15
easa, 15
asan, 15
rms_, 15
eadi, 15
icit, 15
rge_, 15
rden, 15
imme, 15
impa, 15
nstr, 15
floo, 15
subj, 15
ubje, 15
eans, 15
seri, 15
belg, 15
amou, 15
xed_, 15
pot_, 15
lawy, 15
awye, 15
wyer, 15
smal, 15
eld_, 15
clai, 15
laim, 15
dark, 15
mili, 15
ehol, 15
slow, 15
mpat, 15
ermi, 15
etty, 15
tty_, 15
lot_, 15
talk, 15
upte, 15
move, 15
chee, 15
doin, 15
roll, 15
orde, 15
ctur, 15
nfes, 15
intr, 15
lty_, 15
sorr, 15
orgo, 15
rgot, 15
orro, 15
adly, 15
ope_, 15
cing, 15
trou, 15
hot_, 15
spat, 15
slee, 15
ppor, 15
eavi, 15
onfu, 15
dead, 15
arne, 15
ors_, 15
paus, 15
keys, 15
acts, 15
urri, 15
symp, 15
ray_, 15
rth_, 15
frag, 15
ragm, 15
agme, 15
box_, 15
stic, 15
atis, 15
tisf, 15
eman, 15
alt_, 15
sday, 15
umme, 15
mmer, 15
hapt, 14
apte, 14
pter, 14
publ, 14
ubli, 14
vert, 14
circ, 14
cent, 14
ends, 14
adde, 14
fath, 14
sess, 14
ntry, 14
quir, 14
nabl, 14
nion, 14
sely, 14
ties, 14
hree, 14
aren, 14
irl_, 14
fire, 14
nic_, 14
orge, 14
ild_, 14
eigh, 14
hly_, 14
crib, 14
prin, 14
wise, 14
unus, 14
nusu, 14
elgi, 14
urth, 14
onse, 14
ritt, 14
spot, 14
sayi, 14
ient, 14
nity, 14
useh, 14
seho, 14
lowl, 14
cogn, 14
ogni, 14
brot, 14
roth, 14
isse, 14
alk_, 14
harm, 14
slig, 14
won_, 14
oney, 14
bad_, 14
sat_, 14
shak, 14
peci, 14
rts_, 14
sine, 14
shin, 14
pecu, 14
quen, 14
epar, 14
cann, 14
agin, 14
lowi, 14
bris, 14
vera, 14
trod, 14
eye_, 14
orry, 14
ntai, 14
gian, 14
eved, 14
itse, 14
tsel, 14
ncer, 14
oubl, 14
mure, 14
loor, 14
ang_, 14
acte, 14
repe, 14
rrib, 14
ribl, 14
bell, 14
riva, 14
plic, 14
rawe, 14
awer, 14
stud, 14
died, 14
eavy, 14
ickl, 14
ckly, 14
oyed, 14
refl, 14
efle, 14
flec, 14
isap, 14
sapp, 14
cups, 14
ups_, 14
ens_, 14
yer_, 14
mada, 14
adam, 14
isti, 13
onte, 13
july, 13
secu, 13
ctua, 13
ircu, 13
rcum, 13
cums, 13
scen, 13
lati, 13
ifte, 13
une_, 13
lica, 13
bled, 13
beau, 13
eaut, 13
seco, 13
abso, 13
tone, 13
war_, 13
desc, 13
trol, 13
lunc, 13
ital, 13
girl, 13
hten, 13
ian_, 13
ones, 13
ket_, 13
eeli, 13
ulat, 13
escr, 13
whit, 13
defe, 13
arli, 13
sity, 13
ssiv, 13
onst, 13
shor, 13
firm, 13
ucti, 13
yard, 13
furt, 13
erer, 13
soni, 13
dica, 13
ashe, 13
pens, 13
ste_, 13
ecog, 13
nize, 13
eter, 13
raik, 13
aike, 13
tare, 13
adin, 13
sts_, 13
nche, 13
rush, 13
asid, 13
nist, 13
rece, 13
ecei, 13
actu, 13
nnot, 13
estl, 13
olle, 13
orte, 13
hom_, 13
says, 13
nkin, 13
ware, 13
fide, 13
acqu, 13
anxi, 13
uble, 13
tast, 13
terl, 13
igh_, 13
oms_, 13
reac, 13
nfor, 13
obvi, 13
bvio, 13
ign_, 13
leep, 13
nfus, 13
arch, 13
ecul, 13
culi, 13
ulia, 13
utel, 13
nvin, 13
vinc, 13
fear, 13
mpli, 13
shop, 13
onta, 13
wasn, 13
asn_, 13
gues, 13
orre, 13
clus, 13
lusi, 13
goes, 13
roy_, 13
arou, 12
blic, 12
worl, 12
orld, 12
rld_, 12
rite, 12
rust, 12
eref, 12
refo, 12
umst, 12
msta, 12
onne, 12
nnec, 12
pend, 12
tryi, 12
ran_, 12
rty_, 12
mate, 12
reca, 12
dnes, 12
iful, 12
gene, 12
lite, 12
crea, 12
bsol, 12
wear, 12
absu, 12
bsur, 12
surd, 12
nes_, 12
ppro, 12
mpre, 12
oped, 12
meet, 12
erfu, 12
hite, 12
tage, 12
hort, 12
asio, 12
hful, 12
addr, 12
ddre, 12
lean, 12
rawn, 12
ork_, 12
rimi, 12
artl, 12
akes, 12
ull_, 12
held, 12
ilin, 12
many, 12
ees_, 12
ldin, 12
park, 12
visi, 12
term, 12
oken, 12
whis, 12
dene, 12
fanc, 12
rity, 12
sequ, 12
imag, 12
magi, 12
ony_, 12
whom, 12
aime, 12
imed, 12
fini, 12
behi, 12
ehin, 12
hind, 12
lgia, 12
four, 12
itho, 12
nxio, 12
xiou, 12
agit, 12
gita, 12
diat, 12
inio, 12
itti, 12
item, 12
isio, 12
mant, 12
epea, 12
peat, 12
tedl, 12
ride, 12
tifi, 12
gott, 12
eepi, 12
epin, 12
ican, 12
libe, 12
iber, 12
bera, 12
puzz, 12
uzzl, 12
zzle, 12
ppin, 12
hest, 12
empt, 12
hanc, 12
rugg, 12
clot, 12
loth, 12
disg, 12
salt, 12
enta, 12
cqui, 12
nfid, 12
nct_, 12
ssly, 12
iall, 12
uess, 12
brom, 12
omid, 12
mide, 12
ulou, 12
hop_, 12
xcep, 12
anal, 12
naly, 12
tues, 12
uesd, 12
myst, 11
yste, 11
link, 11
tens, 11
subs, 11
conn, 11
iddl, 11
tifu, 11
ews_, 11
maki, 11
des_, 11
mply, 11
urd_, 11
appa, 11
ppar, 11
peac, 11
appo, 11
ppoi, 11
stea, 11
tead, 11
hosp, 11
ospi, 11
ropp, 11
pper, 11
fine, 11
roac, 11
oach, 11
ach_, 11
burn, 11
deni, 11
oure, 11
rful, 11
wild, 11
ciat, 11
ribe, 11
ench, 11
res_, 11
fusi, 11
ruck, 11
ndly, 11
lost, 11
occa, 11
ccas, 11
casi, 11
sult, 11
scot, 11
eel_, 11
past, 11
gniz, 11
anti, 11
uce_, 11
trem, 11
cuse, 11
eage, 11
ager, 11
gerl, 11
hisp, 11
nerv, 11
vous, 11
engl, 11
eces, 11
ienc, 11
rtur, 11
rkin, 11
trao, 11
raor, 11
aord, 11
angi, 11
mble, 11
insp, 11
rily, 11
sort, 11
boar, 11
oard, 11
ash_, 11
terw, 11
erwa, 11
asto, 11
stam, 11
ccor, 11
cord, 11
atti, 11
cred, 11
awar, 11
verh, 11
erhe, 11
rhea, 11
roub, 11
slip, 11
ntir, 11
ilt_, 11
tric, 11
ices, 11
stop, 11
nles, 11
fici, 11
peri, 11
ivat, 11
vate, 11
abse, 11
bsen, 11
nexp, 11
nor_, 11
iskl, 11
skly, 11
pini, 11
scan, 11
caut, 11
sear, 11
earc, 11
anyw, 11
hate, 11
mit_, 11
teni, 11
alys, 11
eas_, 11
ames, 11
dare, 11
card, 11
requ, 11
isgu, 11
tuni, 11
unit, 11
trar, 11
lier, 11
essl, 11
roof, 11
merh, 11
rhay, 11
haye, 11
aye_, 11
phil, 11
igat, 10
pros, 10
ecut, 10
omew, 10
mewh, 10
trus, 10
effe, 10
ensa, 10
nect, 10
eps_, 10
afra, 10
frai, 10
raid, 10
enty, 10
nty_, 10
etic, 10
alit, 10
incl, 10
peni, 10
play, 10
erab, 10
purc, 10
urch, 10
rcha, 10
chas, 10
plet, 10
lete, 10
dyin, 10
larg, 10
prof, 10
cces, 10
ctic, 10
erre, 10
incr, 10
fall, 10
news, 10
ompa, 10
utif, 10
eem_, 10
secr, 10
ecre, 10
cret, 10
orm_, 10
eace, 10
iet_, 10
arms, 10
prot, 10
soli, 10
proa, 10
impr, 10
rnt_, 10
deep, 10
ensi, 10
shad, 10
ppre, 10
eatl, 10
atly, 10
illi, 10
ait_, 10
tepp, 10
eppe, 10
rios, 10
iosi, 10
shio, 10
hion, 10
amp_, 10
ncea, 10
cotl, 10
otla, 10
tlan, 10
famo, 10
nny_, 10
rtle, 10
alki, 10
och_, 10
dmir, 10
aunt, 10
buil, 10
pati, 10
tien, 10
moti, 10
otio, 10
ream, 10
efen, 10
mer_, 10
laid, 10
path, 10
nece, 10
chil, 10
ghts, 10
hts_, 10
remo, 10
rial, 10
llen, 10
esto, 10
gina, 10
ghed, 10
join, 10
offi, 10
olog, 10
oud_, 10
amat, 10
tiff, 10
neat, 10
redi, 10
cule, 10
ule_, 10
cern, 10
bitt, 10
hils, 10
ilst, 10
lst_, 10
edia, 10
fit_, 10
foot, 10
nica, 10
ems_, 10
unat, 10
vice, 10
seiz, 10
topp, 10
tari, 10
priv, 10
tors, 10
ale_, 10
city, 10
anda, 10
ndal, 10
dal_, 10
ptio, 10
etti, 10
elib, 10
law_, 10
velo, 10
elop, 10
zled, 10
oot_, 10
pair, 10
epti, 10
shru, 10
hrug, 10
ione, 10
usti, 10
bedr, 10
edro, 10
droo, 10
rint, 10
onis, 10
high, 10
umen, 10
rlie, 10
olis, 10
rrec, 10
ceas, 10
tra_, 10
proo, 10
inve, 9
nves, 9
vest, 9
stig, 9
tiga, 9
ewha, 9
iew_, 9
ectu, 9
rief, 9
fly_, 9
esce, 9
elat, 9
ofte, 9
ayed, 9
hted, 9
clin, 9
hase, 9
nqui, 9
uing, 9
succ, 9
prac, 9
geni, 9
uire, 9
ago_, 9
efer, 9
ferr, 9
ncre, 9
wled, 9
edge, 9
ots_, 9
cott, 9
knoc, 9
nock, 9
tenc, 9
car_, 9
warm, 9
eek_, 9
orth, 9
rawi, 9
awin, 9
teps, 9
tall, 9
isit, 9
eted, 9
glad, 9
inci, 9
latt, 9
eply, 9
ctin, 9
wood, 9
titu, 9
ceal, 9
vari, 9
undi, 9
tles, 9
ghtl, 9
htly, 9
urdo, 9
rdoc, 9
doch, 9
wave, 9
uty_, 9
besi, 9
sit_, 9
mped, 9
uppe, 9
aved, 9
atie, 9
tree, 9
temp, 9
enig, 9
armi, 9
turb, 9
shut, 9
carr, 9
burs, 9
urst, 9
angr, 9
accu, 9
towa, 9
hone, 9
colo, 9
lour, 9
ervo, 9
rvou, 9
lond, 9
ondo, 9
lant, 9
ssar, 9
impe, 9
enie, 9
dlin, 9
aski, 9
skin, 9
orts, 9
rter, 9
eakf, 9
akfa, 9
kfas, 9
wept, 9
ror_, 9
heer, 9
omes, 9
inki, 9
atal, 9
cupb, 9
upbo, 9
pboa, 9
nanc, 9
arp_, 9
hild, 9
mise, 9
isin, 9
irel, 9
wake, 9
eems, 9
unfo, 9
tuna, 9
assa, 9
cisi, 9
rror, 9
estu, 9
shot, 9
ects, 9
rank, 9
ldly, 9
eadl, 9
cket, 9
orme, 9
issi, 9
rcel, 9
nywa, 9
yway, 9
egre, 9
eede, 9
eded, 9
nspe, 9
obli, 9
rple, 9
assu, 9
enve, 9
nvel, 9
lope, 9
lyse, 9
ysed, 9
unle, 9
bega, 9
egan, 9
gan_, 9
igna, 9
erel, 9
lema, 9
lana, 9
anat, 9
appi, 9
rmed, 9
arth, 9
docu, 9
ocum, 9
cume, 9
hint, 9
ills, 9
llig, 9
igen, 9
igne, 9
uenc, 9
safe, 9
nows, 9
alth, 9
nnoy, 9
lass, 9
uses, 9
esul, 9
drug, 9
sgui, 9
guis, 9
ecea, 9
dose, 9
caug, 9
avyw, 9
vywe, 9
ywet, 9
weth, 9
osec, 8
cuti, 8
otor, 8
orie, 8
elve, 8
ersi, 8
fron, 8
ront, 8
ont_, 8
rela, 8
ften, 8
elig, 8
midd, 8
ddle, 8
sona, 8
ncli, 8
fond, 8
erou, 8
dera, 8
ncy_, 8
rria, 8
riag, 8
iage, 8
ucce, 8
onge, 8
refe, 8
mpan, 8
nowl, 8
owle, 8
ledg, 8
tary, 8
ndre, 8
unce, 8
ield, 8
aiti, 8
itie, 8
lyin, 8
farm, 8
pick, 8
pain, 8
lue_, 8
site, 8
acce, 8
fren, 8
ien_, 8
ares, 8
ushi, 8
pour, 8
rtly, 8
judg, 8
ruct, 8
unny, 8
ixed, 8
nera, 8
lung, 8
grou, 8
esid, 8
rass, 8
nsar, 8
otes, 8
prom, 8
scra, 8
rap_, 8
uild, 8
dism, 8
ismi, 8
smis, 8
nigm, 8
igma, 8
gmat, 8
rmer, 8
warn, 8
ccus, 8
drov, 8
ivin, 8
pert, 8
repr, 8
frow, 8
tong, 8
big_, 8
lori, 8
prop, 8
tria, 8
depa, 8
orki, 8
edit, 8
usy_, 8
effo, 8
ffor, 8
swep, 8
etai, 8
best, 8
ilty, 8
fata, 8
ssis, 8
veri, 8
erit, 8
udge, 8
morr, 8
ughe, 8
ncie, 8
tamp, 8
fice, 8
clam, 8
lama, 8
aspe, 8
dibl, 8
dust, 8
rais, 8
ouri, 8
aini, 8
herc, 8
ercu, 8
rcul, 8
upse, 8
pset, 8
tchi, 8
maid, 8
upst, 8
psta, 8
rapi, 8
apid, 8
idly, 8
arry, 8
para, 8
tily, 8
jeal, 8
ealo, 8
alou, 8
eara, 8
aran, 8
cati, 8
sitt, 8
ingi, 8
orri, 8
bene, 8
pill, 8
ervi, 8
gasp, 8
trea, 8
fted, 8
fash, 8
ashi, 8
icia, 8
run_, 8
advi, 8
tron, 8
dedu, 8
educ, 8
duct, 8
calm, 8
alte, 8
lter, 8
free, 8
dela, 8
elay, 8
ckin, 8
tren, 8
otta, 8
ttag, 8
gett, 8
tiou, 8
erce, 8
moun, 8
shoc, 8
hock, 8
ympt, 8
mpto, 8
ptom, 8
toms, 8
rehe, 8
purp, 8
ssur, 8
brow, 8
samp, 8
scru, 8
roye, 8
mira, 8
fenc, 8
race, 8
ardr, 8
rdro, 8
drob, 8
robe, 8
obe_, 8
itiv, 8
imen, 8
rced, 8
kwar, 8
embl, 8
reed, 8
ruff, 8
tepm, 8
epmo, 8
pmot, 8
vens, 8
ides, 8
tial, 8
apar, 8
isk_, 8
udie, 8
belo, 8
ncon, 8
hake, 8
leme, 8
uise, 8
isfi, 8
sfie, 8
eam_, 8
uitt, 8
hili, 8
ilip, 8
gath, 7
iii_, 7
lic_, 7
erth, 7
thel, 7
hele, 7
lves, 7
mont, 7
onth, 7
stay, 7
nerg, 7
geti, 7
rita, 7
itab, 7
boun, 7
ancy, 7
qual, 7
ettl, 7
enia, 7
nial, 7
mely, 7
unni, 7
undr, 7
eds_, 7
damn, 7
perc, 7
rche, 7
iles, 7
lodg, 7
odge, 7
week, 7
urnt, 7
ouch, 7
grap, 7
raph, 7
spon, 7
figu, 7
igur, 7
gure, 7
ivid, 7
amed, 7
reet, 7
lad_, 7
ibed, 7
muse, 7
oste, 7
uous, 7
easu, 7
asur, 7
herw, 7
erwi, 7
rwis, 7
terv, 7
lood, 7
sold, 7
alto, 7
ltog, 7
ret_, 7
thod, 7
tem_, 7
funn, 7
nsen, 7
unco, 7
lash, 7
shes, 7
bull, 7
nurs, 7
ptly, 7
inne, 7
wast, 7
ildi, 7
anch, 7
ntic, 7
oods, 7
ods_, 7
istu, 7
hut_, 7
mly_, 7
ail_, 7
vil_, 7
wall, 7
deta, 7
tach, 7
arpl, 7
rply, 7
uste, 7
ongu, 7
ngue, 7
bowe, 7
ebod, 7
niti, 7
eade, 7
uent, 7
unab, 7
attr, 7
duri, 7
uart, 7
lest, 7
excu, 7
xcus, 7
cell, 7
easy, 7
asy_, 7
ern_, 7
tail, 7
logi, 7
arml, 7
ude_, 7
habi, 7
abit, 7
aise, 7
eein, 7
etch, 7
send, 7
acin, 7
rryi, 7
rsto, 7
ippe, 7
awak, 7
eepe, 7
ertu, 7
arpe, 7
erro, 7
fixe, 7
amen, 7
elpi, 7
unli, 7
vain, 7
auth, 7
utho, 7
hori, 7
ando, 7
anic, 7
pale, 7
neit, 7
pock, 7
ists, 7
heme, 7
scre, 7
cut_, 7
cost, 7
uffe, 7
ulty, 7
rch_, 7
rele, 7
thfu, 7
brai, 7
perm, 7
esum, 7
eadf, 7
adfu, 7
dful, 7
clue, 7
wist, 7
nois, 7
tiny, 7
iny_, 7
sauc, 7
auce, 7
mpty, 7
pty_, 7
ooks, 7
oks_, 7
bunc, 7
unim, 7
blot, 7
lott, 7
otti, 7
bien, 7
isfa, 7
val_, 7
begi, 7
egin, 7
whos, 7
unex, 7
ners, 7
trik, 7
rike, 7
ardo, 7
gar_, 7
rovi, 7
cold, 7
dict, 7
simi, 7
imil, 7
theo, 7
heor, 7
easi, 7
rug_, 7
awkw, 7
wkwa, 7
ympa, 7
semb, 7
suff, 7
alli, 7
repo, 7
ngli, 7
gned, 7
nseq, 7
oof_, 7
prou, 7
roud, 7
unlo, 7
nloc, 7
canc, 7
blig, 7
iged, 7
lare, 7
tudi, 7
elow, 7
deas, 7
gist, 7
glas, 7
erie, 7
onic, 7
ausi, 7
ridi, 7
idic, 7
dicu, 7
deal, 7
ishm, 7
atem, 7
decl, 7
ecto, 7
nks_, 7
pite, 7
inno, 7
nnoc, 7
noce, 7
ocen, 7
alib, 7
libi, 7
ibi_, 7
hrow, 7
oyin, 7
nied, 7
pine, 7
arce, 7
kson, 7
tie_, 6
tori, 6
selv, 6
mour, 6
brie, 6
larl, 6
ecal, 6
erge, 6
soci, 6
tune, 6
etim, 6
nctl, 6
rofe, 6
ofes, 6
hile, 6
purs, 6
iter, 6
tera, 6
pref, 6
acto, 6
cise, 6
keen, 6
oots, 6
otto, 6
reta, 6
runn, 6
feat, 6
noun, 6
ounc, 6
enga, 6
ngag, 6
gage, 6
oted, 6
volu, 6
twic, 6
wice, 6
flow, 6
feet, 6
matc, 6
espo, 6
pond, 6
hadn, 6
adn_, 6
ghin, 6
bour, 6
wort, 6
thy_, 6
prea, 6
kabl, 6
unta, 6
rit_, 6
emor, 6
epte, 6
iati, 6
ncid, 6
llia, 6
alis, 6
mast, 6
lawn, 6
airl, 6
irly, 6
oose, 6
wful, 6
vell, 6
hod_, 6
hood, 6
ases, 6
flun, 6
dign, 6
jump, 6
umpe, 6
crap, 6
orke, 6
wned, 6
urry, 6
unk_, 6
xtre, 6
wick, 6
lies, 6
oone, 6
haki, 6
moto, 6
driv, 6
anta, 6
esta, 6
abru, 6
brup, 6
ague, 6
ishi, 6
niou, 6
tmos, 6
emov, 6
tmen, 6
gine, 6
ttra, 6
gle_, 6
endo, 6
arel, 6
xcel, 6
irin, 6
aded, 6
eser, 6
cied, 6
affe, 6
amps, 6
mps_, 6
sped, 6
itud, 6
tude, 6
ape_, 6
che_, 6
triu, 6
rium, 6
iump, 6
umph, 6
ario, 6
lush, 6
catc, 6
rbed, 6
pera, 6
olli, 6
laci, 6
cle_, 6
nsis, 6
lipp, 6
lan_, 6
coll, 6
oine, 6
unds, 6
itch, 6
lid_, 6
reso, 6
vuls, 6
ulsi, 6
lsio, 6
owns, 6
wnst, 6
carp, 6
rpet, 6
pet_, 6
stup, 6
rtin, 6
cry_, 6
lift, 6
orit, 6
mper, 6
aban, 6
arro, 6
ils_, 6
mort, 6
rtem, 6
vehe, 6
ehem, 6
fer_, 6
rans, 6
engt, 6
ngth, 6
astw, 6
stwa, 6
tway, 6
seei, 6
cant, 6
fuse, 6
oat_, 6
tudy, 6
bloo, 6
ntim, 6
onou, 6
twis, 6
olt_, 6
aled, 6
verl, 6
omeb, 6
mebo, 6
nimp, 6
ulti, 6
lude, 6
ftly, 6
utin, 6
sfac, 6
egon, 6
goni, 6
onia, 6
equa, 6
aite, 6
repa, 6
duty, 6
hush, 6
ush_, 6
nobo, 6
obod, 6
labe, 6
abel, 6
equi, 6
beco, 6
ecom, 6
wrot, 6
suga, 6
ugar, 6
luck, 6
corn, 6
wors, 6
asin, 6
tel_, 6
init, 6
uabl, 6
ntar, 6
valu, 6
exed, 6
spar, 6
nfir, 6
epor, 6
pard, 6
rdon, 6
glis, 6
ioni, 6
tom_, 6
shly, 6
magn, 6
agni, 6
dang, 6
hin_, 6
ourn, 6
ooli, 6
blan, 6
rce_, 6
vase, 6
cien, 6
ecov, 6
mad_, 6
ltho, 6
culo, 6
oyan, 6
regi, 6
egis, 6
verd, 6
lful, 6
ites, 6
orn_, 6
acci, 6
ccid, 6
nsol, 6
dog_, 6
nage, 6
sier, 6
cenc, 6
ssie, 6
eurs, 6
iver, 6
olit, 6
phot, 6
hoto, 6
ogra, 6
harg, 6
ncia, 6
eign, 6
prid, 6
wome, 6
jour, 6
rkso, 6
ecla, 6
clar, 6
hydr, 6
ydro, 6
lip_, 6
june, 6
parc, 6
ller, 5
ler_, 5
rist, 5
iety, 5
ety_, 5
inva, 5
nval, 5
epre, 5
ales, 5
fift, 5
ftee, 5
teen, 5
ssex, 5
sex_, 5
invi, 5
nvit, 5
nali, 5
arit, 5
layi, 5
nero, 5
etel, 5
unfa, 5
unge, 5
elic, 5
outh, 5
lifi, 5
tert, 5
pani, 5
aten, 5
hund, 5
dred, 5
twen, 5
tuat, 5
uati, 5
exis, 5
xist, 5
rop_, 5
orks, 5
ren_, 5
cito, 5
enni, 5
resc, 5
arty, 5
nful, 5
nsib, 5
spre, 5
hade, 5
brig, 5
umbe, 5
beri, 5
derf, 5
eyed, 5
spir, 5
memo, 5
orou, 5
ghly, 5
imul, 5
mula, 5
sal_, 5
eatu, 5
ures, 5
acke, 5
damp, 5
tute, 5
pany, 5
zing, 5
ortl, 5
date, 5
chfu, 5
ntiv, 5
oldi, 5
onsu, 5
epen, 5
sher, 5
awfu, 5
erti, 5
mmon, 5
aves, 5
gras, 5
rifi, 5
dinn, 5
rees, 5
cks_, 5
broa, 5
road, 5
oad_, 5
hado, 5
adow, 5
emot, 5
empl, 5
awne, 5
tici, 5
cipa, 5
eere, 5
suit, 5
uit_, 5
arme, 5
ngry, 5
gry_, 5
emel, 5
evil, 5
olou, 5
heek, 5
eeks, 5
eks_, 5
xper, 5
ngla, 5
type, 5
ype_, 5
vagu, 5
brus, 5
rope, 5
pher, 5
ecur, 5
ille, 5
achi, 5
tula, 5
ubse, 5
bseq, 5
coup, 5
oupl, 5
cile, 5
intm, 5
ntme, 5
lie_, 5
nnis, 5
ndou, 5
divi, 5
stow, 5
tena, 5
acio, 5
pull, 5
loud, 5
etin, 5
uiri, 5
indl, 5
ians, 5
eck_, 5
omis, 5
eerf, 5
flus, 5
dini, 5
urbe, 5
rve_, 5
enco, 5
ncou, 5
pidl, 5
risi, 5
shie, 5
hiel, 5
enjo, 5
alm_, 5
unts, 5
latc, 5
ooms, 5
llec, 5
rick, 5
hara, 5
arac, 5
cter, 5
audi, 5
feeb, 5
eebl, 5
ccup, 5
rrid, 5
umbl, 5
onvu, 5
nvul, 5
usem, 5
bran, 5
rvic, 5
pid_, 5
nlik, 5
eize, 5
els_, 5
sued, 5
task, 5
ndic, 5
dvic, 5
narr, 5
inex, 5
orma, 5
liti, 5
ywhe, 5
ttit, 5
dom_, 5
gth_, 5
ocki, 5
stal, 5
eads, 5
ads_, 5
aile, 5
rmit, 5
mand, 5
onat, 5
ompr, 5
buri, 5
urie, 5
ptic, 5
atef, 5
tefu, 5
ecip, 5
cipi, 5
ipit, 5
urpl, 5
wire, 5
eale, 5
lamp, 5
ucep, 5
cepa, 5
epan, 5
pan_, 5
drun, 5
runk, 5
aril, 5
gers, 5
usil, 5
sily, 5
hrea, 5
erea, 5
clud, 5
uded, 5
rns_, 5
fend, 5
epro, 5
towe, 5
aped, 5
bego, 5
chos, 5
seat, 5
gin_, 5
etra, 5
gnat, 5
pere, 5
mplo, 5
osel, 5
bel_, 5
ntri, 5
trig, 5
rigu, 5
igue, 5
blur, 5
arse, 5
cape, 5
orne, 5
rner, 5
ovin, 5
flas, 5
cene, 5
prep, 5
iews, 5
fail, 5
ffne, 5
fnes, 5
alua, 5
luab, 5
ooth, 5
nour, 5
deri, 5
indu, 5
nscr, 5
abil, 5
revi, 5
plen, 5
ncin, 5
hopi, 5
info, 5
pity, 5
inhe, 5
nher, 5
heri, 5
epso, 5
pson, 5
nowi, 5
revo, 5
ussi, 5
ispo, 5
spos, 5
enef, 5
ttom, 5
ndea, 5
deav, 5
eavo, 5
rica, 5
edne, 5
ffen, 5
meti, 5
ishl, 5
spil, 5
beha, 5
imbe, 5
oesn, 5
esn_, 5
iabl, 5
idio, 5
ubte, 5
thum, 5
epos, 5
mila, 5
ilar, 5
dita, 5
oura, 5
vict, 5
icti, 5
degr, 5
eory, 5
noya, 5
yanc, 5
pace, 5
grew, 5
ict_, 5
ilfu, 5
luti, 5
ealt, 5
sole, 5
shme, 5
hmen, 5
cust, 5
usto, 5
shee, 5
deny, 5
eny_, 5
als_, 5
ntru, 5
tify, 5
agge, 5
rant, 5
tang, 5
itia, 5
ybod, 5
otog, 5
togr, 5
entu, 5
ump_, 5
royi, 5
orse, 5
inan, 5
dity, 5
ccom, 5
reve, 5
tmar, 5
ird_, 5
dro_, 5
chlo, 5
hlor, 5
orid, 5
thir, 5
hird, 5
cel_, 5
conj, 5
proj, 4
roje, 4
ojec, 4
noto, 4
nsat, 4
rumo, 4
umou, 4
rsis, 4
vali, 4
nths, 4
ths_, 4
seni, 4
enio, 4
arn_, 4
eeps, 4
auto, 4
hari, 4
ocia, 4
cend, 4
inco, 4
nfai, 4
tep_, 4
quis, 4
ursu, 4
barr, 4
sett, 4
cong, 4
ngen, 4
shre, 4
rott, 4
avag, 4
olly, 4
cous, 4
ousi, 4
boot, 4
weat, 4
sand, 4
situ, 4
itua, 4
thus, 4
flat, 4
lend, 4
gula, 4
choo, 4
itor, 4
thic, 4
hick, 4
uche, 4
phic, 4
grow, 4
ughi, 4
bask, 4
sket, 4
arka, 4
rkab, 4
powe, 4
nvey, 4
tame, 4
piri, 4
civi, 4
ivil, 4
mory, 4
eete, 4
welc, 4
elco, 4
lcom, 4
sank, 4
ccep, 4
heig, 4
fasc, 4
asci, 4
scin, 4
cina, 4
stim, 4
amus, 4
iant, 4
rinc, 4
efus, 4
ete_, 4
mur_, 4
aire, 4
terf, 4
rlin, 4
kest, 4
wore, 4
rimm, 4
pinc, 4
mpas, 4
unct, 4
nctu, 4
oode, 4
ubst, 4
uted, 4
emon, 4
izin, 4
arie, 4
irm_, 4
disl, 4
isli, 4
slik, 4
depe, 4
ium_, 4
marv, 4
arve, 4
rvel, 4
andy, 4
nons, 4
numb, 4
argu, 4
wink, 4
igno, 4
amon, 4
enes, 4
andw, 4
nice, 4
cer_, 4
nden, 4
lord, 4
omy_, 4
save, 4
chol, 4
pent, 4
gloo, 4
loom, 4
grim, 4
orgi, 4
rgiv, 4
refi, 4
efin, 4
abov, 4
bove, 4
devi, 4
swal, 4
ests, 4
rded, 4
ncti, 4
cure, 4
iali, 4
irre, 4
psy_, 4
hill, 4
oper, 4
blis, 4
atmo, 4
mosp, 4
osph, 4
sphe, 4
spel, 4
nven, 4
uple, 4
artu, 4
ddli, 4
manu, 4
anuf, 4
nufa, 4
ufac, 4
begg, 4
nacc, 4
diti, 4
busy, 4
tenn, 4
nis_, 4
mend, 4
dous, 4
appl, 4
pay_, 4
cool, 4
swee, 4
nibs, 4
ibs_, 4
trav, 4
wash, 4
enan, 4
ddin, 4
rule, 4
grac, 4
mpar, 4
chat, 4
none, 4
apol, 4
polo, 4
clas, 4
kiss, 4
rmly, 4
eeti, 4
alas, 4
las_, 4
shap, 4
hape, 4
usta, 4
iff_, 4
itar, 4
edib, 4
quai, 4
badl, 4
phs_, 4
unaw, 4
nawa, 4
quet, 4
odd_, 4
uptl, 4
exha, 4
hypo, 4
tous, 4
devo, 4
evot, 4
njoy, 4
radi, 4
obta, 4
btai, 4
ooti, 4
otin, 4
ommu, 4
mmun, 4
muni, 4
unic, 4
kene, 4
spra, 4
pran, 4
gall, 4
alar, 4
larm, 4
udib, 4
cupi, 4
upie, 4
pied, 4
ids_, 4
rido, 4
idor, 4
dor_, 4
eper, 4
rash, 4
stum, 4
lows, 4
sema, 4
rand, 4
unbo, 4
nbol, 4
astl, 4
putt, 4
ebly, 4
telp, 4
lpie, 4
rmle, 4
atta, 4
ttac, 4
tack, 4
dayl, 4
ayli, 4
ylig, 4
curt, 4
angl, 4
rtif, 4
espi, 4
irat, 4
sad_, 4
loca, 4
ocal, 4
rmis, 4
ildl, 4
eani, 4
anin, 4
eluc, 4
ulta, 4
ackg, 4
ostm, 4
bent, 4
mali, 4
horr, 4
ngri, 4
gril, 4
mare, 4
iscr, 4
oble, 4
reng, 4
omic, 4
hain, 4
vaga, 4
gant, 4
ierc, 4
ails, 4
fait, 4
aith, 4
ithf, 4
trul, 4
ruly, 4
utti, 4
peti, 4
etit, 4
grie, 4
edde, 4
ift_, 4
regr, 4
gret, 4
dran, 4
mani, 4
nife, 4
avy_, 4
preh, 4
ehen, 4
ciga, 4
igar, 4
gare, 4
aret, 4
tte_, 4
retr, 4
pron, 4
stuc, 4
tuck, 4
pig_, 4
voil, 4
oila, 4
ila_, 4
omfo, 4
seal, 4
wers, 4
ntit, 4
aces, 4
sele, 4
fitt, 4
ron_, 4
stiv, 4
rcei, 4
tick, 4
acul, 4
urns, 4
skil, 4
kill, 4
harr, 4
crut, 4
oors, 4
laye, 4
hens, 4
beds, 4
irab, 4
cres, 4
onds, 4
rejo, 4
ejoi, 4
spac, 4
nias, 4
ias_, 4
rey_, 4
pict, 4
ictu, 4
betr, 4
ndig, 4
upli, 4
ploy, 4
liam, 4
iam_, 4
eech, 4
rged, 4
rowi, 4
lurt, 4
unkn, 4
nkno, 4
ratu, 4
acid, 4
oldl, 4
dedl, 4
scon, 4
poun, 4
ene_, 4
ifyi, 4
fyin, 4
worr, 4
blin, 4
tore, 4
mal_, 4
soft, 4
perp, 4
erpl, 4
plex, 4
beas, 4
ongs, 4
logy, 4
ogy_, 4
ensu, 4
rmat, 4
frid, 4
rida, 4
iday, 4
ragi, 4
solv, 4
terp, 4
evok, 4
voke, 4
aver, 4
nefi, 4
efit, 4
neou, 4
eous, 4
nail, 4
illu, 4
llum, 4
lum_, 4
oreh, 4
ehea, 4
coin, 4
oinc, 4
iedl, 4
ibbl, 4
bble, 4
cryi, 4
gruf, 4
icen, 4
ples, 4
sill, 4
illy, 4
afe_, 4
hono, 4
heat, 4
guar, 4
uard, 4
scou, 4
ntia, 4
ehav, 4
mbec, 4
beci, 4
ecil, 4
pell, 4
diot, 4
acy_, 4
bted, 4
grai, 4
irme, 4
depo, 4
nia_, 4
babi, 4
erte, 4
nvic, 4
russ, 4
osin, 4
wilf, 4
lve_, 4
tear, 4
rivi, 4
hap_, 4
mixt, 4
ixtu, 4
xtur, 4
athl, 4
thle, 4
hles, 4
oses, 4
inui, 4
nuin, 4
coot, 4
eced, 4
woke, 4
nsin, 4
ert_, 4
mnin, 4
retc, 4
stom, 4
dryl, 4
ryly, 4
yly_, 4
gger, 4
onag, 4
ges_, 4
moos, 4
oosi, 4
osie, 4
oofs, 4
ofs_, 4
capa, 4
apab, 4
pabl, 4
ilia, 4
ngib, 4
gibl, 4
esem, 4
hide, 4
renu, 4
enuo, 4
nuou, 4
ncei, 4
undl, 4
oast, 4
mesd, 4
sdam, 4
sadl, 4
affi, 4
ffir, 4
onso, 4
nsel, 4
ewsp, 4
wspa, 4
spap, 4
idit, 4
ttic, 4
reig, 4
genc, 4
ival, 4
pure, 4
rell, 4
addi, 4
ucki, 4
inks, 4
gnan, 4
nant, 4
esol, 4
heet, 4
leap, 4
rift, 4
seek, 4
ighl, 4
ousy, 4
prev, 4
sel_, 4
phia, 4
hial, 4
hidd, 4
idde, 4
derc, 4
ercl, 4
rclo, 4
narc, 4
arco, 4
rcot, 4
coti, 4
gute, 3
uten, 3
tenb, 3
enbe, 3
nber, 3
berg, 3
erg_, 3
eboo, 3
rles, 3
debt, 3
viii, 3
wide, 3
hems, 3
emse, 3
alid, 3
nth_, 3
orty, 3
ndne, 3
baza, 3
azaa, 3
zaar, 3
ntif, 3
ncom, 3
geme, 3
suin, 3
hrew, 3
iked, 3
lans, 3
hip_, 3
gely, 3
joll, 3
jack, 3
trad, 3
ades, 3
spor, 3
nowh, 3
owhe, 3
ackn, 3
ckno, 3
etar, 3
usef, 3
sefu, 3
nnou, 3
bare, 3
hus_, 3
erch, 3
mids, 3
lds_, 3
plat, 3
petr, 3
rol_, 3
ivit, 3
acef, 3
cefu, 3
rill, 3
olun, 3
lunt, 3
regu, 3
egul, 3
adil, 3
dily, 3
hter, 3
penn, 3
weed, 3
hull, 3
ullo, 3
llo_, 3
ento, 3
tele, 3
oope, 3
hire, 3
oves, 3
lnes, 3
veye, 3
irit, 3
uisi, 3
itel, 3
vita, 3
host, 3
darl, 3
alie, 3
lien, 3
nges, 3
gold, 3
vity, 3
oden, 3
stit, 3
itut, 3
trat, 3
veil, 3
tchf, 3
nsul, 3
erlo, 3
infl, 3
lame, 3
ndy_, 3
dumb, 3
gued, 3
pack, 3
asso, 3
ssoc, 3
gnor, 3
mong, 3
toss, 3
cap_, 3
loos, 3
auty, 3
sins, 3
gnit, 3
romp, 3
ompt, 3
mptl, 3
bury, 3
nomy, 3
mela, 3
elan, 3
ncho, 3
laps, 3
apse, 3
ntem, 3
mpla, 3
icip, 3
ipat, 3
smok, 3
oomi, 3
omil, 3
imly, 3
muri, 3
oref, 3
oll_, 3
cher, 3
ntat, 3
gips, 3
ipsy, 3
glor, 3
orio, 3
erty, 3
ecen, 3
mned, 3
owni, 3
wnin, 3
inab, 3
unpl, 3
nple, 3
moni, 3
nien, 3
ingh, 3
ngha, 3
gham, 3
ham_, 3
unac, 3
oil_, 3
satu, 3
turd, 3
urda, 3
ainm, 3
inme, 3
nmen, 3
ecit, 3
deco, 3
ecor, 3
cheo, 3
heon, 3
eon_, 3
leng, 3
enge, 3
meal, 3
lles, 3
ton_, 3
olde, 3
trap, 3
weet, 3
nser, 3
ser_, 3
ndiv, 3
vidu, 3
idua, 3
dual, 3
orig, 3
rigi, 3
igin, 3
groa, 3
roan, 3
spoo, 3
poon, 3
etri, 3
forb, 3
orbi, 3
rbid, 3
ihoo, 3
raci, 3
ithd, 3
thdr, 3
hdre, 3
plin, 3
balc, 3
alco, 3
lcon, 3
cony, 3
shy_, 3
hatt, 3
ulle, 3
aily, 3
exte, 3
xten, 3
fuge, 3
inch, 3
oust, 3
stac, 3
lita, 3
llet, 3
uain, 3
cele, 3
eleb, 3
lebr, 3
bers, 3
flin, 3
rish, 3
ebri, 3
fetc, 3
uet_, 3
anis, 3
ogue, 3
arni, 3
xhau, 3
haus, 3
aust, 3
esis, 3
surr, 3
urro, 3
rrou, 3
reti, 3
nned, 3
leaf, 3
dise, 3
ecta, 3
ctac, 3
tacl, 3
acle, 3
plas, 3
gies, 3
gnom, 3
neig, 3
ighb, 3
ghbo, 3
hbou, 3
repu, 3
swea, 3
ntas, 3
thed, 3
scat, 3
catt, 3
ulli, 3
lery, 3
aids, 3
undo, 3
olid, 3
enea, 3
weig, 3
axed, 3
rode, 3
ode_, 3
orna, 3
rnam, 3
mles, 3
tupi, 3
upid, 3
yawn, 3
frig, 3
mock, 3
urta, 3
dows, 3
gled, 3
lew_, 3
arts, 3
fuss, 3
troo, 3
roop, 3
tale, 3
surm, 3
urmi, 3
xpli, 3
icab, 3
cabl, 3
nwar, 3
ckgr, 3
kgro, 3
ncha, 3
ropo, 3
opos, 3
void, 3
rmal, 3
beg_, 3
adva, 3
dvan, 3
ntag, 3
oul_, 3
net_, 3
sees, 3
eryw, 3
rywh, 3
god_, 3
crip, 3
ript, 3
ipti, 3
ccos, 3
denb, 3
enby, 3
nby_, 3
sacr, 3
crit, 3
ankf, 3
nkfu, 3
kful, 3
ummo, 3
reje, 3
ejec, 3
fed_, 3
rava, 3
agan, 3
fier, 3
cely, 3
ewar, 3
elev, 3
leva, 3
evan, 3
coat, 3
nett, 3
udy_, 3
redd, 3
suma, 3
umab, 3
mabl, 3
aris, 3
ghti, 3
ypti, 3
dvis, 3
ticl, 3
icle, 3
comf, 3
mfor, 3
rali, 3
sume, 3
rcep, 3
quan, 3
uant, 3
tity, 3
uid_, 3
rum_, 3
knee, 3
nees, 3
grin, 3
gati, 3
smel, 3
rops, 3
ops_, 3
alin, 3
mera, 3
ats_, 3
dles, 3
irri, 3
ltie, 3
sixt, 3
ixth, 3
xth_, 3
ruti, 3
dmis, 3
guin, 3
rvie, 3
brav, 3
fold, 3
grey, 3
pray, 3
rayi, 3
ets_, 3
owe_, 3
nked, 3
atev, 3
teve, 3
dupl, 3
bree, 3
oyme, 3
ymen, 3
rack, 3
raw_, 3
kitc, 3
chen, 3
cook, 3
bles, 3
dder, 3
urte, 3
oars, 3
ovid, 3
ongr, 3
cidl, 3
tima, 3
imat, 3
ighe, 3
rump, 3
expo, 3
pant, 3
barg, 3
arga, 3
rgai, 3
nfin, 3
arat, 3
ibe_, 3
ginn, 3
inni, 3
uies, 3
iesc, 3
sced, 3
ored, 3
norm, 3
iffn, 3
thet, 3
heti, 3
epla, 3
lexe, 3
thly, 3
ssem, 3
feri, 3
gust, 3
stir, 3
uffl, 3
eer_, 3
fran, 3
ankl, 3
nkly, 3
rict, 3
soot, 3
toxi, 3
oxic, 3
xico, 3
icol, 3
rpos, 3
gaci, 3
erms, 3
toma, 3
iscu, 3
urba, 3
rbab, 3
deba, 3
tech, 3
echn, 3
hnic, 3
simu, 3
mult, 3
tane, 3
aneo, 3
ech_, 3
mpt_, 3
hroa, 3
roat, 3
ribb, 3
paid, 3
lpin, 3
eizu, 3
izur, 3
zure, 3
icks, 3
tay_, 3
elpl, 3
lple, 3
neck, 3
aked, 3
soug, 3
faci, 3
ffly, 3
ithi, 3
esca, 3
scap, 3
thea, 3
eatr, 3
atre, 3
drel, 3
mech, 3
echa, 3
hani, 3
anim, 3
trip, 3
ntur, 3
uffi, 3
wits, 3
swif, 3
wift, 3
iftl, 3
vexe, 3
dipl, 3
iplo, 3
plom, 3
loma, 3
omac, 3
macy, 3
len_, 3
nedl, 3
emer, 3
umb_, 3
scep, 3
arnt, 3
sert, 3
trum, 3
ogic, 3
gica, 3
urag, 3
ssia, 3
sian, 3
ttes, 3
hina, 3
ina_, 3
utch, 3
erdi, 3
rdic, 3
alks, 3
lks_, 3
wedn, 3
nesd, 3
tyli, 3
ylit, 3
elim, 3
limi, 3
phra, 3
hras, 3
rase, 3
urpo, 3
mask, 3
ppli, 3
weak, 3
bala, 3
alan, 3
titi, 3
umul, 3
erdo, 3
rdos, 3
adve, 3
ntal, 3
yman, 3
omme, 3
inso, 3
ntan, 3
torn, 3
inua, 3
onsc, 3
nsci, 3
arag, 3
agon, 3
amni, 3
diss, 3
fidg, 3
idge, 3
dget, 3
eati, 3
ials, 3
ify_, 3
sura, 3
mpro, 3
dged, 3
movi, 3
icem, 3
cema, 3
anks, 3
supe, 3
uper, 3
nod_, 3
redu, 3
edul, 3
dulo, 3
rces, 3
tony, 3
usiv, 3
buyi, 3
uyin, 3
mbla, 3
oque, 3
que_, 3
ubtf, 3
btfu, 3
udyi, 3
avio, 3
iour, 3
uts_, 3
eldi, 3
subt, 3
gran, 3
acit, 3
ssen, 3
uthf, 3
fero, 3
eroc, 3
roci, 3
ocio, 3
uppl, 3
adli, 3
urab, 3
naci, 3
tupe, 3
mph_, 3
crow, 3
ostu, 3
robl, 3
blem, 3
lem_, 3
ntua, 3
anyb, 3
nybo, 3
menc, 3
futu, 3
utur, 3
ubtl, 3
orei, 3
dled, 3
ics_, 3
ctfu, 3
ispl, 3
sple, 3
atif, 3
nlig, 3
rsed, 3
rnal, 3
ckil, 3
kily, 3
afel, 3
fely, 3
eami, 3
dema, 3
fix_, 3
athy, 3
eaks, 3
aks_, 3
tapp, 3
olve, 3
erma, 3
rman, 3
bon_, 3
coas, 3
spio, 3
pion, 3
atri, 3
hilo, 3
ilos, 3
loso, 3
osop, 3
soph, 3
ophi, 3
hica, 3
ediu, 3
dium, 3
bore, 3
beyo, 3
eyon, 3
yond, 3
eap_, 3
esso, 3
ssor, 3
sor_, 3
sund, 3
drif, 3
liza, 3
ttem, 3
nduc, 3
uct_, 3
unsc, 3
crup, 3
rupu, 3
upul, 3
pulo, 3
duly, 3
dock, 3
evio, 3
ouns, 3
unse, 3
wale, 3
stma, 3
adjo, 3
inds, 3
hoot, 3
anon, 3
nony, 3
onym, 3
nymo, 3
ymou, 3
hump, 3
onje, 3
njec, 3
aros, 3
touc, 3
sits, 3
agat, 2
atha, 2
tha_, 2
chri, 2
hris, 2
stie, 2
vii_, 2
pays, 2
ebts, 2
bts_, 2
xii_, 2
xiii, 2
ubsi, 2
bsid, 2
riet, 2
iefl, 2
efly, 2
depr, 2
onva, 2
vale, 2
lesc, 2
sick, 2
ior_, 2
taye, 2
viti, 2
wido, 2
idow, 2
dowe, 2
ndso, 2
dsom, 2
asce, 2
danc, 2
rger, 2
ngem, 2
yout, 2
uali, 2
alif, 2
linq, 2
uish, 2
rsui, 2
rses, 2
squi, 2
rewd, 2
ewd_, 2
lowa, 2
owan, 2
wanc, 2
whip, 2
amel, 2
ruef, 2
uefu, 2
tum_, 2
anio, 2
game, 2
rete, 2
text, 2
sin_, 2
ship, 2
pate, 2
tton, 2
ocie, 2
ciet, 2
reds, 2
ousa, 2
usan, 2
hunt, 2
idst, 2
dst_, 2
fiel, 2
elds, 2
tfor, 2
tivi, 2
uate, 2
sun_, 2
raye, 2
idle, 2
dril, 2
ntee, 2
teer, 2
milk, 2
ilk_, 2
chec, 2
heck, 2
ecke, 2
daug, 2
scho, 2
hool, 2
phan, 2
stou, 2
woun, 2
hero, 2
ainf, 2
infu, 2
grip, 2
rip_, 2
blue, 2
manl, 2
anly, 2
couc, 2
eleg, 2
legr, 2
egra, 2
aphi, 2
labo, 2
urer, 2
rthy, 2
refr, 2
efre, 2
eshe, 2
glov, 2
syca, 2
ycam, 2
camo, 2
amor, 2
slen, 2
tlin, 2
vivi, 2
vid_, 2
tawn, 2
awny, 2
wny_, 2
llne, 2
ntam, 2
exqu, 2
xqui, 2
vili, 2
timu, 2
humo, 2
umor, 2
moro, 2
stes, 2
tess, 2
bril, 2
lian, 2
bie_, 2
swun, 2
wung, 2
cast, 2
ckes, 2
nez_, 2
stag, 2
ngel, 2
tuou, 2
cush, 2
beam, 2
eame, 2
ondl, 2
bsti, 2
infa, 2
osti, 2
olub, 2
rven, 2
aar_, 2
orga, 2
udgm, 2
dgme, 2
hoos, 2
hobb, 2
obby, 2
bby_, 2
anke, 2
keri, 2
herl, 2
rloc, 2
holm, 2
olme, 2
lmes, 2
llou, 2
base, 2
dand, 2
lots, 2
umbf, 2
mbfo, 2
bfou, 2
rgue, 2
nora, 2
oran, 2
ommo, 2
rues, 2
esom, 2
vigo, 2
mire, 2
aubu, 2
ubur, 2
iten, 2
aim_, 2
eyel, 2
ndwi, 2
dwic, 2
wich, 2
iche, 2
icer, 2
dien, 2
ursi, 2
rsin, 2
rrif, 2
remi, 2
emin, 2
xamp, 2
cono, 2
onom, 2
sack, 2
airc, 2
irca, 2
holy, 2
oly_, 2
shav, 2
elap, 2
psed, 2
dawn, 2
beck, 2
ecko, 2
ckon, 2
kone, 2
moki, 2
bing, 2
riml, 2
nsiv, 2
rima, 2
imac, 2
lumn, 2
nies, 2
ersu, 2
rsua, 2
hark, 2
otec, 2
verw, 2
orps, 2
rps_, 2
tayi, 2
livi, 2
erts, 2
rrep, 2
owne, 2
unne, 2
oreb, 2
rebo, 2
crep, 2
rept, 2
amne, 2
wit_, 2
enny, 2
unio, 2
defi, 2
pelt, 2
urit, 2
fill, 2
prem, 2
ecap, 2
capi, 2
apit, 2
pitu, 2
itul, 2
oces, 2
eggi, 2
ggin, 2
onci, 2
ncil, 2
ntab, 2
orat, 2
stle, 2
chal, 2
ramb, 2
ambl, 2
eivi, 2
plau, 2
laus, 2
blea, 2
leau, 2
eaux, 2
aux_, 2
iske, 2
mood, 2
quer, 2
pony, 2
vouc, 2
awe_, 2
eril, 2
aned, 2
rize, 2
trif, 2
scar, 2
keli, 2
elih, 2
liho, 2
ardi, 2
inta, 2
oin_, 2
ildr, 2
ldre, 2
dren, 2
ogis, 2
lasp, 2
tali, 2
efug, 2
eatn, 2
atne, 2
ttir, 2
peck, 2
chie, 2
mphs, 2
unra, 2
nrav, 2
bite, 2
flou, 2
uris, 2
brit, 2
parl, 2
arlo, 2
rlou, 2
ourm, 2
urma, 2
rmai, 2
heel, 2
ndif, 2
alog, 2
logu, 2
bust, 2
ypot, 2
poth, 2
sis_, 2
ntou, 2
unre, 2
nrea, 2
afre, 2
vote, 2
eaf_, 2
rude, 2
rtil, 2
pall, 2
lor_, 2
vary, 2
mud_, 2
ogie, 2
plig, 2
cies, 2
inac, 2
nomi, 2
drie, 2
isre, 2
srep, 2
eput, 2
puta, 2
utab, 2
junc, 2
sen_, 2
spoi, 2
poil, 2
cken, 2
slep, 2
lept, 2
wrin, 2
job_, 2
bail, 2
fram, 2
rame, 2
amew, 2
mewo, 2
ewor, 2
resi, 2
esou, 2
cras, 2
tumb, 2
illo, 2
gas_, 2
xedl, 2
orti, 2
azed, 2
avil, 2
vily, 2
hron, 2
werl, 2
erle, 2
flew, 2
ionl, 2
onle, 2
eizi, 2
pply, 2
plyi, 2
otst, 2
tste, 2
ssy_, 2
rowl, 2
teta, 2
etan, 2
tani, 2
alen, 2
ises, 2
arsh, 2
shra, 2
hran, 2
ilat, 2
relu, 2
luct, 2
ucta, 2
ctan, 2
inwa, 2
exul, 2
xult, 2
ltat, 2
erna, 2
avoi, 2
foul, 2
ldom, 2
etio, 2
ansa, 2
nsac, 2
acki, 2
libr, 2
ibra, 2
brar, 2
taxe, 2
ypoc, 2
pocr, 2
ocri, 2
ecou, 2
omit, 2
keni, 2
innu, 2
nnue, 2
nuen, 2
uend, 2
ndoe, 2
alme, 2
ewed, 2
puff, 2
ffed, 2
mica, 2
blow, 2
nue_, 2
bewa, 2
plor, 2
orab, 2
trib, 2
ribu, 2
ibut, 2
gros, 2
tite, 2
atea, 2
teau, 2
eau_, 2
deft, 2
rear, 2
earr, 2
gaze, 2
rost, 2
ostr, 2
eenl, 2
prol, 2
rolo, 2
olon, 2
omma, 2
mman, 2
anif, 2
ifes, 2
fest, 2
tard, 2
ggar, 2
htin, 2
acen, 2
riev, 2
rono, 2
rten, 2
cryp, 2
rypt, 2
plif, 2
fies, 2
ncip, 2
ipal, 2
cles, 2
hopp, 2
blit, 2
lues, 2
ues_, 2
orbe, 2
army, 2
rmy_, 2
vise, 2
tilt, 2
ilte, 2
umed, 2
ltin, 2
hutt, 2
utmo, 2
nimb, 2
imbl, 2
mbly, 2
ippi, 2
ceps, 2
ucer, 2
unob, 2
nobs, 2
liqu, 2
iqui, 2
quid, 2
crus, 2
smas, 2
mash, 2
abst, 2
bstr, 2
hini, 2
relo, 2
eloc, 2
isib, 2
mell, 2
tube, 2
fabr, 2
abri, 2
bric, 2
izab, 2
dram, 2
rama, 2
spla, 2
iron, 2
aral, 2
rrit, 2
rgin, 2
ndli, 2
tini, 2
iniz, 2
otep, 2
tepa, 2
epap, 2
whir, 2
hirl, 2
joic, 2
grud, 2
rudg, 2
rgui, 2
lded, 2
mode, 2
weri, 2
veng, 2
nami, 2
umin, 2
chif, 2
loye, 2
ardb, 2
rdbo, 2
dboa, 2
ampe, 2
dour, 2
arki, 2
rocl, 2
ocla, 2
ghou, 2
joym, 2
knes, 2
urge, 2
teas, 2
easp, 2
aspo, 2
oonf, 2
uls_, 2
swin, 2
coar, 2
mank, 2
anki, 2
ngra, 2
atul, 2
ucky, 2
cky_, 2
twin, 2
klin, 2
icta, 2
ctat, 2
ejac, 2
jacu, 2
wand, 2
facs, 2
acsi, 2
csim, 2
gnis, 2
ndwr, 2
dwri, 2
fant, 2
xpou, 2
eori, 2
iser, 2
sera, 2
spai, 2
orst, 2
oldn, 2
ldne, 2
intl, 2
erif, 2
rify, 2
infi, 2
bes_, 2
phys, 2
hysi, 2
ysio, 2
siog, 2
iogn, 2
ogno, 2
derw, 2
erwe, 2
rwen, 2
eris, 2
bses, 2
lind, 2
ley_, 2
empo, 2
pora, 2
orar, 2
pyin, 2
duti, 2
utie, 2
buoy, 2
fals, 2
alse, 2
opes, 2
pes_, 2
uss_, 2
ailu, 2
ilur, 2
lure, 2
oftl, 2
ndul, 2
dulg, 2
ulge, 2
lged, 2
sgus, 2
tirr, 2
rrin, 2
ompo, 2
rock, 2
ffle, 2
fles, 2
sphi, 2
phin, 2
hinx, 2
inx_, 2
insc, 2
ruta, 2
quee, 2
ueer, 2
angu, 2
itou, 2
eviv, 2
vive, 2
acre, 2
cre_, 2
enis, 2
uppr, 2
cat_, 2
ongl, 2
dens, 2
typi, 2
ypic, 2
pica, 2
mout, 2
ictl, 2
unav, 2
nsue, 2
irma, 2
ator, 2
rsue, 2
agic, 2
gic_, 2
olvi, 2
lvin, 2
erpo, 2
ique, 2
olat, 2
lega, 2
etc_, 2
elde, 2
uita, 2
utom, 2
omat, 2
hein, 2
scus, 2
cuss, 2
ebat, 2
bati, 2
ltan, 2
clum, 2
umpi, 2
mpin, 2
vel_, 2
spee, 2
peec, 2
mumb, 2
ovis, 2
ulte, 2
luci, 2
ucid, 2
cida, 2
idat, 2
dati, 2
olum, 2
asha, 2
sham, 2
hame, 2
achf, 2
uffn, 2
snor, 2
nort, 2
soul, 2
dash, 2
aul_, 2
uff_, 2
soak, 2
oake, 2
uge_, 2
etre, 2
sto_, 2
inke, 2
glib, 2
lib_, 2
voti, 2
ergy, 2
rgy_, 2
vite, 2
fene, 2
ateg, 2
tego, 2
egor, 2
oork, 2
rkey, 2
lank, 2
outw, 2
utwa, 2
twar, 2
reel, 2
eely, 2
nima, 2
icie, 2
abac, 2
mpel, 2
nvar, 2
aria, 2
riab, 2
iot_, 2
gapi, 2
apin, 2
outi, 2
estf, 2
stfa, 2
tfal, 2
sulp, 2
ulph, 2
jerk, 2
humb, 2
moul, 2
newl, 2
ewly, 2
sets, 2
msy_, 2
inse, 2
stab, 2
abli, 2
osen, 2
oan_, 2
vani, 2
glin, 2
halt, 2
clut, 2
lutc, 2
eene, 2
zles, 2
ldis, 2
twel, 2
welv, 2
cur_, 2
pons, 2
upt_, 2
rval, 2
aili, 2
leer, 2
spri, 2
prel, 2
nari, 2
aseo, 2
seol, 2
eolo, 2
dgin, 2
ckle, 2
kle_, 2
bsta, 2
suic, 2
uici, 2
icid, 2
joye, 2
heal, 2
lth_, 2
epet, 2
cumu, 2
uled, 2
dver, 2
cedi, 2
mmen, 2
fle_, 2
idew, 2
dewa, 2
eway, 2
ntes, 2
glea, 2
leam, 2
sinu, 2
nuat, 2
rtab, 2
arl_, 2
ccee, 2
scie, 2
het_, 2
gony, 2
albe, 2
lber, 2
bert, 2
merl, 2
wret, 2
athi, 2
huma, 2
ansf, 2
amid, 2
misi, 2
isag, 2
sagr, 2
reem, 2
uran, 2
gere, 2
cusa, 2
usat, 2
usse, 2
ssel, 2
arer, 2
eats, 2
leev, 2
eeve, 2
smar, 2
mart, 2
warr, 2
snap, 2
rchi, 2
worn, 2
icy_, 2
unsa, 2
sift, 2
efea, 2
buy_, 2
eabl, 2
ortn, 2
rtni, 2
tnig, 2
quot, 2
essf, 2
ssfu, 2
sful, 2
eniu, 2
nius, 2
ius_, 2
eryb, 2
rybo, 2
pred, 2
lmin, 2
fate, 2
laym, 2
ayma, 2
puts, 2
oopi, 2
faul, 2
ault, 2
ults, 2
lts_, 2
saga, 2
agac, 2
nap_, 2
nese, 2
esel, 2
eliv, 2
scio, 2
gete, 2
asp_, 2
enac, 2
scor, 2
upef, 2
pefi, 2
efie, 2
alic, 2
eggs, 2
ggs_, 2
cute, 2
alig, 2
baiz, 2
aize, 2
exhi, 2
xhib, 2
hibi, 2
ibit, 2
ubly, 2
ncts, 2
ecim, 2
cime, 2
hatr, 2
tred, 2
ania, 2
tcha, 2
cha_, 2
ewhe, 2
ssum, 2
sump, 2
umpt, 2
mpti, 2
insu, 2
otiv, 2
drag, 2
mpha, 2
hant, 2
blam, 2
tact, 2
lari, 2
btle, 2
onab, 2
topi, 2
opic, 2
noyi, 2
ngst, 2
gst_, 2
pryi, 2
gner, 2
bras, 2
mony, 2
oho_, 2
eape, 2
antr, 2
nowa, 2
owad, 2
wada, 2
aday, 2
rsia, 2
sia_, 2
knif, 2
ectf, 2
imit, 2
fian, 2
ostl, 2
igge, 2
trim, 2
eedn, 2
edn_, 2
nflu, 2
flue, 2
luen, 2
rsen, 2
enic, 2
jot_, 2
llai, 2
ovem, 2
veme, 2
falt, 2
oudl, 2
udly, 2
enli, 2
ltim, 2
croq, 2
roqu, 2
alls, 2
oppi, 2
musi, 2
amia, 2
miab, 2
iffl, 2
noye, 2
trio, 2
xam_, 2
saun, 2
lade, 2
bird, 2
itic, 2
iciz, 2
cize, 2
goss, 2
ssip, 2
sip_, 2
jew_, 2
ewis, 2
shma, 2
hman, 2
unst, 2
choi, 2
tret, 2
ackl, 2
urna, 2
morb, 2
bid_, 2
iots, 2
ghtm, 2
htma, 2
ilti, 2
isea, 2
seas, 2
afer, 2
reap, 2
eapp, 2
tome, 2
omed, 2
sunl, 2
erci, 2
die_, 2
unki, 2
lint, 2
onel, 2
rofo, 2
ofou, 2
alla, 2
ores, 2
ighi, 2
bloc, 2
spy_, 2
germ, 2
entr, 2
size, 2
usty, 2
sty_, 2
tumi, 2
umie, 2
mier, 2
iers, 2
esq_, 2
flur, 2
lurr, 2
tamm, 2
amme, 2
appy, 2
ppy_, 2
sway, 2
drau, 2
raug, 2
hudd, 2
mono, 2
onot, 2
oton, 2
misu, 2
isun, 2
izat, 2
zati, 2
ssal, 2
sic_, 2
cheq, 2
hequ, 2
aha_, 2
adic, 2
alik, 2
aphs, 2
pari, 2
aph_, 2
ecam, 2
mana, 2
anag, 2
papa, 2
apa_, 2
eeki, 2
ekin, 2
feig, 2
ndem, 2
demn, 2
dit_, 2
emol, 2
moli, 2
invo, 2
nvol, 2
ires, 2
sept, 2
ptem, 2
temb, 2
kens, 2
rves, 2
acha, 2
chab, 2
habl, 2
dies, 2
gal_, 2
eth_, 2
usel, 2
nywh, 2
peep, 2
eped, 2
llyi, 2
icte, 2
djou, 2
eves, 2
crys, 2
ryst, 2
ysta, 2
wint, 2
hott, 2
nimo, 2
exag, 2
xagg, 2
gera, 2
rels, 2
nely, 2
mars, 2
spin, 2
evea, 2
veal, 2
bar_, 2
amaz, 2
maze, 2
azem, 2
zeme, 2
onju, 2
enra, 2
nrag, 2
gara, 2
eria, 2
mlet, 2
curs, 2
andp, 2
ndpo, 2
dpoi, 2
deno, 2
redl, 2
ais_, 2
ddit, 2
lyst, 2
yst_, 2
tass, 2
ansp, 2
nspa, 2
rips, 2
astu, 2
stut, 2
xcee, 2
asie, 2
idin, 2
harl, 1
arle, 1
kell, 1
lide, 1
nior, 1
boy_, 1
yarn, 1
utoc, 1
tocr, 1
ocra, 1
crat, 1
ondn, 1
aars, 1
enda, 1
ndan, 1
ifet, 1
feti, 1
erar, 1
ambi, 1
mbit, 1
biti, 1
rris, 1
enab, 1
trin, 1
sava, 1
vage, 1
agel, 1
ctot, 1
totu, 1
otum, 1
rade, 1
etex, 1
onsh, 1
nshi, 1
leat, 1
ieti, 1
etie, 1
amna, 1
mnab, 1
lane, 1
anes, 1
latf, 1
atfo, 1
pilo, 1
ilot, 1
lote, 1
etro, 1
lat_, 1
eers, 1
ncht, 1
chti, 1
htim, 1
oteg, 1
tege, 1
egee, 1
gee_, 1
oolf, 1
olfe, 1
lfel, 1
rasc, 1
asca, 1
scal, 1
crop, 1
orph, 1
rpha, 1
nnil, 1
nile, 1
escu, 1
scue, 1
cue_, 1
tout, 1
skir, 1
kirt, 1
irt_, 1
bend, 1
ero_, 1
sunb, 1
unbu, 1
nbur, 1
ntor, 1
oria, 1
rian, 1
squa, 1
uare, 1
enca, 1
ncas, 1
hic_, 1
yle_, 1
eeds, 1
afir, 1
cyni, 1
ynic, 1
coop, 1
outl, 1
utli, 1
slum, 1
lumb, 1
illn, 1
ilis, 1
lise, 1
horo, 1
ughl, 1
floa, 1
loat, 1
oate, 1
fusa, 1
usal, 1
rosb, 1
osbi, 1
sbie, 1
duch, 1
hess, 1
fete, 1
effu, 1
ffus, 1
sivi, 1
ctuo, 1
nfat, 1
fatu, 1
atua, 1
eile, 1
tili, 1
lubi, 1
ubil, 1
rthc, 1
thco, 1
hcom, 1
rgan, 1
gani, 1
aniz, 1
nizi, 1
root, 1
oote, 1
ldie, 1
dier, 1
ieri, 1
lloy, 1
loyd, 1
oyd_, 1
lina, 1
nker, 1
lgiu, 1
gium, 1
nfla, 1
flam, 1
syst, 1
stem, 1
prog, 1
rogr, 1
ogre, 1
gres, 1
oodw, 1
odwi, 1
dwin, 1
mixe, 1
ghtn, 1
htn_, 1
yers, 1
gert, 1
rtip, 1
tips, 1
untl, 1
unsu, 1
nsus, 1
grue, 1
ueso, 1
goos, 1
unif, 1
nifo, 1
ifor, 1
igou, 1
gour, 1
alln, 1
yela, 1
elas, 1
obed, 1
bedi, 1
edie, 1
imp_, 1
abbo, 1
bbot, 1
bots, 1
otsb, 1
tsbu, 1
sbur, 1
acks, 1
fork, 1
ingu, 1
ngul, 1
sunn, 1
roam, 1
oami, 1
urbi, 1
rbin, 1
deuc, 1
euce, 1
fens, 1
sunk, 1
wate, 1
duck, 1
calu, 1
alum, 1
umni, 1
mnie, 1
suas, 1
uasi, 1
avai, 1
vail, 1
suad, 1
uadi, 1
erwr, 1
rwro, 1
wrou, 1
hrob, 1
rob_, 1
chor, 1
horu, 1
orus, 1
rus_, 1
byes, 1
etac, 1
roup, 1
oup_, 1
eakd, 1
akdo, 1
kdow, 1
stau, 1
taun, 1
aunc, 1
bord, 1
uptn, 1
ptne, 1
bodi, 1
odin, 1
bind, 1
mpec, 1
ecun, 1
cuni, 1
ndef, 1
rife, 1
sini, 1
recu, 1
onit, 1
ader, 1
tedi, 1
edio, 1
diou, 1
turi, 1
town, 1
xped, 1
pedi, 1
turm, 1
urmo, 1
rmoi, 1
moil, 1
poem, 1
oem_, 1
cora, 1
cram, 1
cita, 1
ppla, 1
rtir, 1
skes, 1
tons, 1
conq, 1
onqu, 1
uero, 1
eror, 1
ldes, 1
ilie, 1
lea_, 1
agem, 1
sanc, 1
anct, 1
ctum, 1
nspi, 1
eeri, 1
oane, 1
towi, 1
priz, 1
joke, 1
eery, 1
bidd, 1
iddi, 1
roff, 1
ules, 1
rdih, 1
diho, 1
jar_, 1
shel, 1
helf, 1
efil, 1
isci, 1
scip, 1
cipl, 1
ipli, 1
toun, 1
gay_, 1
nnon, 1
gise, 1
gail, 1
tryp, 1
rype, 1
ypeo, 1
ugee, 1
gees, 1
atit, 1
egg_, 1
ndyf, 1
dyfi, 1
yfie, 1
limp, 1
ebra, 1
brat, 1
flai, 1
lair, 1
hiev, 1
baff, 1
affl, 1
ffli, 1
inha, 1
nhab, 1
xplo, 1
ploi, 1
loit, 1
oits, 1
ffid, 1
oodn, 1
odne, 1
reei, 1
racq, 1
cque, 1
clen, 1
bani, 1
dial, 1
ialo, 1
etir, 1
joy_, 1
twil, 1
wili, 1
ilig, 1
fann, 1
palm, 1
thun, 1
torm, 1
armo, 1
rmon, 1
onio, 1
endu, 1
ndur, 1
dure, 1
arad, 1
adis, 1
udel, 1
dely, 1
shat, 1
llor, 1
rare, 1
ecie, 1
fern, 1
disr, 1
isen, 1
oilt, 1
agen, 1
gown, 1
ndec, 1
ratt, 1
attl, 1
rior, 1
pitc, 1
eble, 1
toug, 1
limb, 1
imbs, 1
mbs_, 1
elax, 1
laxe, 1
lit_, 1
froz, 1
roze, 1
ozen, 1
zen_, 1
ghas, 1
halk, 1
sput, 1
onto, 1
indr, 1
flic, 1
lick, 1
cker, 1
prim, 1
rim_, 1
asps, 1
sps_, 1
daze, 1
smoc, 1
howi, 1
beho, 1
llev, 1
levi, 1
evia, 1
viat, 1
eels, 1
push, 1
trid, 1
pira, 1
issu, 1
ssue, 1
ussy, 1
ustl, 1
stli, 1
zeal, 1
rebe, 1
ebel, 1
floc, 1
rsho, 1
pupi, 1
upil, 1
pils, 1
dila, 1
fled, 1
bann, 1
obey, 1
beye, 1
okes, 1
kesm, 1
esma, 1
sman, 1
stmo, 1
tmor, 1
spas, 1
pasm, 1
asm_, 1
rnat, 1
oide, 1
hary, 1
asyg, 1
sygo, 1
ygoi, 1
opti, 1
ptim, 1
timi, 1
imis, 1
undn, 1
rubb, 1
ubbi, 1
bbis, 1
bish, 1
bee_, 1
bonn, 1
nnet, 1
seld, 1
eldo, 1
ongi, 1
deto, 1
etou, 1
tour, 1
acri, 1
crif, 1
nobl, 1
revu, 1
evul, 1
nsum, 1
umma, 1
mmat, 1
hith, 1
unba, 1
nbar, 1
nsig, 1
toil, 1
oile, 1
ilet, 1
lmer, 1
pouf, 1
ouf_, 1
crew, 1
rewe, 1
heru, 1
erub, 1
rub_, 1
voyo, 1
oyon, 1
yons, 1
merv, 1
rvei, 1
eill, 1
palt, 1
altr, 1
ltry, 1
uail, 1
ril_, 1
depl, 1
eplo, 1
lora, 1
ttri, 1
bute, 1
aram, 1
ramo, 1
holl, 1
engr, 1
ngro, 1
ppet, 1
rowf, 1
owfu, 1
expa, 1
xpan, 1
pans, 1
anse, 1
glit, 1
dew_, 1
plun, 1
aze_, 1
gift, 1
deve, 1
lop_, 1
utop, 1
tops, 1
opsy, 1
eary, 1
hagg, 1
agga, 1
hend, 1
adja, 1
djac, 1
jace, 1
visa, 1
isab, 1
sabl, 1
pal_, 1
furn, 1
rnit, 1
nitu, 1
itur, 1
dart, 1
agil, 1
gili, 1
assh, 1
ssho, 1
rbea, 1
mora, 1
oral, 1
lizi, 1
yale, 1
suri, 1
olti, 1
ivet, 1
vet_, 1
hipp, 1
flui, 1
luid, 1
rloo, 1
dipp, 1
debr, 1
ris_, 1
chim, 1
himn, 1
imne, 1
mney, 1
geri, 1
rind, 1
bewi, 1
ewil, 1
ilde, 1
twir, 1
wirl, 1
irli, 1
elec, 1
ube_, 1
oteb, 1
tebo, 1
enum, 1
nume, 1
umer, 1
ptib, 1
tibl, 1
ric_, 1
niza, 1
zabl, 1
hats, 1
raly, 1
weep, 1
pink, 1
urgi, 1
facu, 1
roys, 1
oys_, 1
eftl, 1
hodi, 1
odic, 1
symm, 1
ymme, 1
mmet, 1
metr, 1
etry, 1
diam, 1
iamo, 1
paci, 1
odel, 1
del_, 1
rova, 1
oval, 1
rets, 1
abid, 1
bide, 1
rken, 1
hres, 1
esho, 1
shol, 1
sumi, 1
epay, 1
isgr, 1
sgra, 1
pop_, 1
hiff, 1
iffo, 1
ffon, 1
fon_, 1
miri, 1
reec, 1
eche, 1
cata, 1
talo, 1
bedt, 1
edti, 1
dtim, 1
rdou, 1
rapp, 1
ouli, 1
ulis, 1
iskn, 1
skne, 1
rers, 1
hene, 1
enev, 1
fuls, 1
stov, 1
tove, 1
vege, 1
eget, 1
geta, 1
etab, 1
fart, 1
mayb, 1
aybe, 1
ybe_, 1
apro, 1
gape, 1
awai, 1
gigg, 1
iggl, 1
ggle, 1
ecep, 1
ptiv, 1
surv, 1
urve, 1
rvey, 1
veyi, 1
eyin, 1
inkl, 1
nkli, 1
slid, 1
file, 1
ghes, 1
prai, 1
yiel, 1
crum, 1
umpl, 1
pled, 1
dirt, 1
irty, 1
craw, 1
rawl, 1
awle, 1
ndom, 1
nise, 1
eran, 1
niac, 1
iaca, 1
acal, 1
flip, 1
ippa, 1
ppan, 1
aisi, 1
sobe, 1
ober, 1
fach, 1
chez, 1
hez_, 1
pas_, 1
nite, 1
sepa, 1
ubes, 1
lley, 1
rari, 1
quab, 1
tras, 1
rast, 1
gram, 1
rams, 1
ams_, 1
cupy, 1
upyi, 1
uoy_, 1
clou, 1
gorg, 1
smoo, 1
moot, 1
othl, 1
eact, 1
coru, 1
orum, 1
njoi, 1
deme, 1
emea, 1
eano, 1
anou, 1
igns, 1
gns_, 1
retl, 1
reav, 1
cris, 1
risy, 1
isy_, 1
unpu, 1
npun, 1
puni, 1
unis, 1
oft_, 1
froc, 1
wris, 1
tabi, 1
domi, 1
vine, 1
lang, 1
nguo, 1
guor, 1
uor_, 1
eada, 1
adac, 1
dach, 1
unpa, 1
npar, 1
llel, 1
lele, 1
eled, 1
tete, 1
eple, 1
leni, 1
ahea, 1
bsor, 1
sorb, 1
chut, 1
navo, 1
oida, 1
idab, 1
dabl, 1
mato, 1
etiq, 1
tiqu, 1
uett, 1
rpol, 1
pola, 1
augu, 1
ugus, 1
egac, 1
acie, 1
sum_, 1
buti, 1
null, 1
oid_, 1
erag, 1
fiti, 1
titl, 1
itle, 1
due_, 1
ookc, 1
okca, 1
kcas, 1
lump, 1
hobn, 1
obna, 1
bnai, 1
sout, 1
bicy, 1
icyc, 1
cycl, 1
ycle, 1
ereu, 1
reup, 1
eupo, 1
mor_, 1
eshl, 1
purr, 1
urr_, 1
xtri, 1
lumi, 1
mino, 1
inou, 1
nous, 1
mass, 1
eils, 1
pang, 1
heed, 1
mptu, 1
ptuo, 1
redn, 1
yeli, 1
elid, 1
lids, 1
reto, 1
etor, 1
tort, 1
fidd, 1
gero, 1
haul, 1
cruf, 1
craf, 1
raft, 1
afty, 1
fty_, 1
egga, 1
orci, 1
rcib, 1
cibl, 1
harb, 1
arbo, 1
rbou, 1
ulea, 1
envy, 1
nvy_, 1
eyei, 1
yein, 1
disf, 1
sfav, 1
hama, 1
aman, 1
enth, 1
nthu, 1
husi, 1
usia, 1
sias, 1
iast, 1
elfi, 1
lfis, 1
fish, 1
tre_, 1
pooh, 1
ooh_, 1
luke, 1
ukew, 1
kewa, 1
mill, 1
tonn, 1
nerr, 1
dumf, 1
umfo, 1
mfou, 1
disj, 1
isjo, 1
sjoi, 1
gori, 1
oric, 1
imal, 1
ripl, 1
iple, 1
untu, 1
madm, 1
adma, 1
dman, 1
iscl, 1
sclo, 1
isas, 1
sast, 1
flar, 1
loya, 1
oyal, 1
yal_, 1
stee, 1
teel, 1
wisd, 1
isdo, 1
sdom, 1
lmed, 1
rren, 1
guid, 1
uide, 1
abas, 1
bash, 1
rebu, 1
ebuk, 1
buke, 1
uke_, 1
lpho, 1
phon, 1
hona, 1
vero, 1
eron, 1
rona, 1
rald, 1
alds, 1
fits, 1
bas_, 1
erki, 1
orms, 1
ootp, 1
otpr, 1
tpri, 1
rron, 1
oneo, 1
rein, 1
flim, 1
lims, 1
imsy, 1
ssit, 1
irac, 1
racu, 1
gthe, 1
rfer, 1
moke, 1
blew, 1
eedy, 1
iens, 1
igor, 1
goro, 1
oist, 1
dry_, 1
non_, 1
itta, 1
ttal, 1
oddi, 1
diso, 1
isor, 1
sord, 1
eyeb, 1
yebr, 1
ebro, 1
rows, 1
ssif, 1
sifi, 1
leg_, 1
herm, 1
ermo, 1
rmom, 1
mete, 1
ridd, 1
seme, 1
ebt_, 1
oset, 1
sete, 1
irie, 1
cunn, 1
bain, 1
lgie, 1
joco, 1
ocos, 1
cose, 1
piqu, 1
iqua, 1
aser, 1
nspr, 1
judi, 1
udic, 1
fixi, 1
ixin, 1
xing, 1
unsh, 1
nsha, 1
iewe, 1
horn, 1
cali, 1
udgi, 1
dome, 1
mest, 1
sale, 1
ondi, 1
ndit, 1
ume_, 1
drin, 1
rink, 1
chuc, 1
huck, 1
uckl, 1
flav, 1
lavo, 1
alyz, 1
lyzi, 1
yzin, 1
rrob, 1
robo, 1
obor, 1
bora, 1
epud, 1
pudi, 1
udia, 1
ecat, 1
riod, 1
iod_, 1
chro, 1
roni, 1
inad, 1
nadv, 1
cash, 1
rume, 1
urym, 1
ryma, 1
upri, 1
prig, 1
adju, 1
djus, 1
pont, 1
benc, 1
aler, 1
amy_, 1
asle, 1
hach, 1
chet, 1
orpe, 1
rpe_, 1
pike, 1
staf, 1
taff, 1
aff_, 1
hows, 1
tomf, 1
mfoo, 1
oole, 1
oler, 1
ispa, 1
nsio, 1
phar, 1
arma, 1
rmac, 1
maci, 1
acis, 1
cist, 1
unau, 1
naut, 1
oriz, 1
pin_, 1
ernl, 1
rnly, 1
wilt, 1
thiz, 1
hize, 1
uman, 1
nsfe, 1
sfer, 1
omar, 1
hasi, 1
cens, 1
nsur, 1
almn, 1
lmne, 1
mnes, 1
outd, 1
utdo, 1
tdoo, 1
heep, 1
eepd, 1
epdo, 1
pdog, 1
ssim, 1
ecli, 1
futi, 1
util, 1
tile, 1
sinf, 1
haug, 1
htil, 1
tagg, 1
diml, 1
dim_, 1
isto, 1
peal, 1
nudg, 1
rret, 1
mute, 1
jame, 1
jimm, 1
immy, 1
mmy_, 1
ages, 1
essu, 1
merg, 1
aber, 1
berc, 1
ercr, 1
rcro, 1
crom, 1
romb, 1
ombi, 1
mbie, 1
gery, 1
sels, 1
baro, 1
aron, 1
alta, 1
ltar, 1
tara, 1
ara_, 1
rogu, 1
elud, 1
euro, 1
urop, 1
antw, 1
ntwe, 1
twer, 1
werp, 1
erp_, 1
endl, 1
nisc, 1
isce, 1
beat, 1
jocu, 1
ocul, 1
isad, 1
sadv, 1
tip_, 1
iald, 1
aldo, 1
sarc, 1
arca, 1
rega, 1
egar, 1
lexi, 1
exit, 1
xity, 1
kudo, 1
udos, 1
dos_, 1
mme_, 1
napp, 1
andk, 1
ndke, 1
dker, 1
kerc, 1
hief, 1
dabb, 1
abbi, 1
bbin, 1
swor, 1
isfy, 1
sfy_, 1
sust, 1
ehal, 1
loop, 1
oop_, 1
rin_, 1
dieu, 1
ieu_, 1
licy, 1
cili, 1
usib, 1
ispr, 1
spro, 1
nxie, 1
xiet, 1
bold, 1
loy_, 1
aits, 1
nisa, 1
isan, 1
sari, 1
bah_, 1
ioti, 1
luna, 1
icea, 1
ceab, 1
uote, 1
uthl, 1
acia, 1
sali, 1
dive, 1
edis, 1
oreg, 1
rego, 1
eloq, 1
loqu, 1
almi, 1
ravi, 1
avit, 1
loge, 1
thiq, 1
hiqu, 1
hedg, 1
upho, 1
phol, 1
food, 1
eiva, 1
ivab, 1
vabl, 1
toop, 1
vesd, 1
esdr, 1
sdro, 1
hown, 1
nsom, 1
somn, 1
omni, 1
mnia, 1
atir, 1
tiri, 1
iric, 1
rvat, 1
vati, 1
bter, 1
rfug, 1
ownr, 1
wnri, 1
nrig, 1
htfo, 1
ceri, 1
atho, 1
thom, 1
cede, 1
ede_, 1
nfer, 1
func, 1
onar, 1
boas, 1
sang, 1
ngui, 1
uine, 1
cyno, 1
ynos, 1
nosu, 1
osur, 1
ama_, 1
dail, 1
blaz, 1
lazo, 1
azon, 1
zon_, 1
weal, 1
lthy, 1
hots, 1
aphe, 1
tiat, 1
bowi, 1
erns, 1
hove, 1
ircl, 1
rcle, 1
nfav, 1
mena, 1
soit, 1
oit_, 1
esco, 1
cort, 1
abbe, 1
bbey, 1
bey_, 1
rsec, 1
lign, 1
bale, 1
alef, 1
lefu, 1
bump, 1
lums, 1
umsy, 1
bits, 1
verj, 1
erjo, 1
rjoy, 1
dven, 1
arec, 1
recr, 1
ecro, 1
renz, 1
enzy, 1
nzy_, 1
xpos, 1
stul, 1
llon, 1
lons, 1
esig, 1
scer, 1
blun, 1
lund, 1
onvo, 1
nvoy, 1
voy_, 1
nonp, 1
onpl, 1
nplu, 1
plus, 1
luss, 1
unna, 1
nnat, 1
sane, 1
ane_, 1
dege, 1
egen, 1
beef, 1
eef_, 1
braw, 1
sani, 1
anit, 1
lsew, 1
sewh, 1
nsup, 1
ysti, 1
alyt, 1
lyti, 1
ytic, 1
rag_, 1
rhym, 1
hyme, 1
yme_, 1
wane, 1
vind, 1
fune, 1
uner, 1
abom, 1
bomi, 1
hare, 1
ohnn, 1
hnni, 1
rits, 1
uoya, 1
yant, 1
unal, 1
nalt, 1
oomy, 1
opef, 1
pefu, 1
glar, 1
biog, 1
iogr, 1
phie, 1
hies, 1
tag_, 1
slac, 1
nact, 1
avid, 1
vidi, 1
pic_, 1
esie, 1
sieg, 1
iege, 1
eged, 1
haun, 1
amer, 1
eras, 1
ras_, 1
unwa, 1
wary, 1
blas, 1
lynx, 1
ynx_, 1
gory, 1
elge, 1
lges, 1
uptu, 1
ptur, 1
tudd, 1
verf, 1
erfl, 1
rflo, 1
garm, 1
rmen, 1
bund, 1
cere, 1
erem, 1
rics, 1
aryi, 1
apat, 1
heap, 1
silv, 1
ilve, 1
lver, 1
llic, 1
mic_, 1
har_, 1
rpen, 1
scim, 1
cimi, 1
mita, 1
tar_, 1
apac, 1
pach, 1
nchi, 1
hifi, 1
ffia, 1
fun_, 1
shah, 1
hah_, 1
borr, 1
rowe, 1
skei, 1
kein, 1
eins, 1
wool, 1
wig_, 1
cork, 1
tis_, 1
essy, 1
nigg, 1
snip, 1
nipp, 1
plim, 1
lime, 1
hurt, 1
htes, 1
boug, 1
mild, 1
irmi, 1
urtl, 1
drow, 1
tifl, 1
ifle, 1
wiza, 1
izar, 1
zard, 1
shan, 1
unwo, 1
nwor, 1
irml, 1
nore, 1
sser, 1
dedn, 1
aiml, 1
imle, 1
ball, 1
rpor, 1
illf, 1
llfu, 1
holi, 1
unaf, 1
naff, 1
ompe, 1
worc, 1
cest, 1
onno, 1
nnoi, 1
oiss, 1
sseu, 1
seur, 1
dutc, 1
boom, 1
gong, 1
taci, 1
cit_, 1
pics, 1
hees, 1
eese, 1
bisc, 1
scui, 1
cuit, 1
uits, 1
mori, 1
bywo, 1
ywor, 1
oici, 1
naug, 1
egge, 1
ifts, 1
fts_, 1
load, 1
ferv, 1
peas, 1
thaw, 1
hawe, 1
awed, 1
orba, 1
rbad, 1
bade, 1
swit, 1
witc, 1
ndus, 1
ustr, 1
taly, 1
aly_, 1
lazi, 1
azil, 1
zily, 1
chir, 1
hirp, 1
irp_, 1
irds, 1
subd, 1
ubdu, 1
bdue, 1
dued, 1
beec, 1
rgav, 1
crec, 1
recy, 1
ecy_, 1
icam, 1
vici, 1
cini, 1
gadd, 1
jewi, 1
stol, 1
toli, 1
pidi, 1
rims, 1
imso, 1
mson, 1
tide, 1
defy, 1
efy_, 1
ebbe, 1
bbed, 1
hoic, 1
egyp, 1
gypt, 1
ptia, 1
tian, 1
crac, 1
ckli, 1
amn_, 1
rowd, 1
owd_, 1
tuss, 1
ussa, 1
ssau, 1
saud, 1
aud_, 1
cham, 1
hamb, 1
ambe, 1
rors, 1
moon, 1
erev, 1
rthl, 1
isky, 1
sky_, 1
pler, 1
bela, 1
stel, 1
obsc, 1
bscu, 1
scur, 1
uces, 1
weap, 1
eapo, 1
apon, 1
denu, 1
enun, 1
nunc, 1
unci, 1
unfi, 1
nave, 1
isho, 1
shon, 1
ltil, 1
exhu, 1
xhum, 1
umat, 1
utat, 1
remb, 1
broo, 1
rooc, 1
ooch, 1
onfo, 1
nfou, 1
upsi, 1
psid, 1
paul, 1
prys, 1
rys_, 1
grun, 1
runt, 1
eafy, 1
afy_, 1
cree, 1
pier, 1
rcin, 1
quiv, 1
uive, 1
beni, 1
nign, 1
pluc, 1
rid_, 1
inti, 1
omeo, 1
meon, 1
eone, 1
neli, 1
unwi, 1
nwit, 1
witt, 1
hit_, 1
sove, 1
erei, 1
medy, 1
posa, 1
osal, 1
bye_, 1
olla, 1
llab, 1
labl, 1
merr, 1
rrim, 1
llay, 1
artm, 1
rtme, 1
perl, 1
erli, 1
rlic, 1
eme_, 1
esee, 1
penl, 1
mane, 1
anen, 1
nent, 1
urti, 1
mmea, 1
meas, 1
eamt, 1
amt_, 1
rodi, 1
odig, 1
digi, 1
igio, 1
giou, 1
hist, 1
istl, 1
cot_, 1
colu, 1
umn_, 1
padd, 1
ragg, 1
prox, 1
roxi, 1
oxim, 1
ximi, 1
mity, 1
farc, 1
nses, 1
urdi, 1
rdit, 1
adap, 1
dapt, 1
apti, 1
ptin, 1
birt, 1
irth, 1
ckgu, 1
kgua, 1
patr, 1
riot, 1
usie, 1
sied, 1
agar, 1
gari, 1
reea, 1
eeab, 1
armt, 1
rmth, 1
mth_, 1
nfol, 1
essr, 1
ssrs, 1
srs_, 1
bata, 1
atab, 1
oder, 1
irms, 1
boxe, 1
oxes, 1
xes_, 1
irle, 1
rled, 1
lait, 1
nibb, 1
ecst, 1
csta, 1
stas, 1
tasy, 1
lesh, 1
sola, 1
gamb, 1
ambo, 1
mbol, 1
boll, 1
elbo, 1
lbow, 1
bow_, 1
madd, 1
ddes, 1
madn, 1
adne, 1
actf, 1
advo, 1
dvoc, 1
voca, 1
ocat, 1
indn, 1
slim, 1
lim_, 1
pple, 1
wayi, 1
omeh, 1
meho, 1
ehow, 1
begu, 1
egun, 1
gun_, 1
derl, 1
role, 1
sula, 1
ndid, 1
york, 1
rksh, 1
kshi, 1
shir, 1
shud, 1
wnes, 1
nsuf, 1
fera, 1
virg, 1
irgi, 1
rodd, 1
eedo, 1
edom, 1
iliz, 1
prud, 1
uden, 1
issa, 1
usic, 1
edgi, 1
folk, 1
olks, 1
lkso, 1
song, 1
tery, 1
cava, 1
aval, 1
ndet, 1
hors, 1
acet, 1
ceti, 1
kesp, 1
uota, 1
otat, 1
angs, 1
ebor, 1
siev, 1
ndes, 1
erla, 1
rlap, 1
lapp, 1
lur_, 1
atus, 1
tus_, 1
oto_, 1
surf, 1
urfa, 1
rfac, 1
humm, 1
hum_, 1
liq_, 1
clor, 1
sito, 1
llea, 1
leag, 1
eagu, 1
gaie, 1
aiet, 1
oorw, 1
rway, 1
feve, 1
autu, 1
utum, 1
tumn, 1
umna, 1
mnal, 1
rewi, 1
ishn, 1
shne, 1
hnes, 1
shiv, 1
hive, 1
butt, 1
utto, 1
oser, 1
urnf, 1
rnfu, 1
uddl, 1
unfe, 1
nfei, 1
foug, 1
toot, 1
rsit, 1
etes, 1
ueri, 1
dern, 1
rinn, 1
mix_, 1
erni, 1
clip, 1
emne, 1
ankn, 1
nkne, 1
ondu, 1
spru, 1
prun, 1
rung, 1
oadl, 1
regl, 1
egle, 1
roph, 1
ophe, 1
phet, 1
volv, 1
bald, 1
aldl, 1
ingt, 1
ngto, 1
gton, 1
nual, 1
iley, 1
agne, 1
gnes, 1
oded, 1
boyh, 1
oyho, 1
yhoo, 1
luxu, 1
uxur, 1
xury, 1
nefa, 1
efac, 1
actr, 1
ctre, 1
rofl, 1
ofli, 1
flig, 1
liga, 1
endt, 1
ndth, 1
dthr, 1
thri, 1
hrif, 1
teth, 1
onus, 1
nus_, 1
mpea, 1
wagg, 1
exta, 1
xtan, 1
ladi, 1
adie, 1
egal, 1
exec, 1
xecu, 1
rend, 1
erwh, 1
rwhe, 1
whel, 1
helm, 1
elmi, 1
btly, 1
unth, 1
inka, 1
nkab, 1
wipe, 1
iped, 1
llie, 1
cura, 1
urac, 1
racy, 1
teet, 1
eeth, 1
istf, 1
stfu, 1
llan, 1
efia, 1
ianc, 1
cels, 1
osta, 1
encl, 1
nclo, 1
sact, 1
dero, 1
prey, 1
eliz, 1
zabe, 1
abet, 1
beth, 1
ctif, 1
west, 1
unme, 1
nmer, 1
merc, 1
rcif, 1
cifu, 1
opel, 1
pele, 1
olin, 1
reop, 1
eope, 1
ucci, 1
ccin, 1
cinc, 1
droc, 1
roch, 1
ochl, 1
mirr, 1
irro, 1
elov, 1
pile, 1
avyi, 1
vyis, 1
yish, 1
imos, 1
mosi, 1
pugn, 1
ugna, 1
gnac, 1
brut, 1
utal, 1
obat, 1
clie, 1
slic, 1
eeni, 1
unmi, 1
nmis, 1
taka, 1
akab, 1
effi, 1
icac, 1
caci, 1
piti, 1
tiab, 1
unan, 1
nani, 1
imou, 1
rfei, 1
feit, 1
eite, 1
emph, 1
phat, 1
hati, 1
unpr, 1
npro, 1
timo, 1
imon, 1
rtia, 1
subm, 1
ubmi, 1
bmit, 1
hred, 1
emba, 1
mbar, 1
rras, 1
assm, 1
ssme, 1
smen, 1
ossl, 1
pato, 1
misr, 1
verr, 1
arst, 1
pinn, 1
nney, 1
ackm, 1
ckma, 1
kmai, 1
mail, 1
kilf, 1
dine, 1
alue, 1
snif, 1
niff, 1
oren, 1
rens, 1
nsic, 1
unel, 1
fict, 1
ctit, 1
unfr, 1
nfre, 1
freq, 1
perj, 1
erju, 1
rjur, 1
olem, 1
lemn, 1
emnl, 1
mnly, 1
jaw_, 1
ildh, 1
ldho, 1
dhoo, 1
loym, 1
edif, 1
difi, 1
erks, 1
math, 1
hema, 1
emat, 1
njur, 1
juri, 1
cidi, 1
twid, 1
widd, 1
hoar, 1
nart, 1
nnih, 1
nihi, 1
ihil, 1
hila, 1
erpi, 1
rpie, 1
waye, 1
ackw, 1
ckwa, 1
foi_, 1
giga, 1
igan, 1
upen, 1
aspi, 1
adlo, 1
dlon, 1
hatl, 1
atle, 1
unda, 1
anie, 1
nsfo, 1
sfor, 1
adia, 1
ency, 1
reun, 1
euni, 1
salo, 1
lon_, 1
cart, 1
rte_, 1
rsha, 1
popu, 1
opul, 1
pula, 1
irdl, 1
djoi, 1
oini, 1
tir_, 1
nsui, 1
paro, 1
arox, 1
roxy, 1
oxys, 1
xysm, 1
ysm_, 1
ulls, 1
losi, 1
echo, 1
hoin, 1
batt, 1
misc, 1
ncep, 1
ngru, 1
gruo, 1
ruou, 1
empe, 1
mics, 1
ievo, 1
evou, 1
mits, 1
psyc, 1
sych, 1
ycho, 1
holo, 1
lidi, 1
evol, 1
clun, 1
idel, 1
elit, 1
madl, 1
osts, 1
kit_, 1
mais, 1
oui_, 1
tumu, 1
ousn, 1
usne, 1
snes, 1
rsig, 1
mauv, 1
auva, 1
uvai, 1
vais, 1
heur, 1
eure, 1
univ, 1
nive, 1
rsal, 1
xhal, 1
hale, 1
odou, 1
mbed, 1
bedd, 1
spli, 1
ulan, 1
nina, 1
inae, 1
nae_, 1
lph_, 1
pota, 1
otas, 1
aqua, 1
qua_, 1
fiat, 1
iat_, 1
ura_, 1
lubl, 1
tals, 1
ibes, 1
sedi, 1
edim, 1
dime, 1
ugho, 1
mid_, 1
amis, 1
mis_, 1
trok, 1
umsp, 1
mspe, 1
howl, 1
owl_, 1
skip, 1
kipp, 1
ssai, 1
sail, 1
aila, 1
ilan, 1
hect, 1
stod, 1
tody, 1
enfi, 1
fin_, 1
diom, 1
iom_, 1
melt, 1
rat_, 1
beso, 1
lore, 1
grum, 1
rumb, 1
moll, 1
llif, 1
whoe, 1
hoev, 1
oeve, 1
idsu, 1
dsum, 1
erpr, 1
rpre, 1
etat, 1
eten, 1
furi, 1
oreo, 1
reov, 1
eove, 1
gait, 1
fogg, 1
ogge, 1
nsed, 1
isso, 1
ssol, 1
nil_, 1
uchi, 1
engi, 1
inee, 1
neer, 1
pse_, 1
ndoi, 1
ceil, 1
eili, 1
gnin, 1
cock, 1
copy, 1
opyi, 1
mote, 1
hitc, 1
nsuc, 1
huts, 1
ocks, 1
snat, 1
natc, 1
ncri, 1
erfi, 1
rfid, 1
fidy, 1
idy_, 1
veys, 1
enor, 1
ormo, 1
rmou, 1
bigg, 1
sake, 1
penk, 1
enkn, 1
nkni, 1
dile, 1
ilem, 1
lemm, 1
emma, 1
mma_, 1
doom, 1
thru, 1
hrus, 1
usts, 1
leis, 1
eisu, 1
isur, 1
nose, 1
nlis, 1
ateu, 1
teur, 1
fuln, 1
ulne, 1
aidi, 1
orda, 1
rdan, 1
enem, 1
nemi, 1
emie, 1
mies, 1
hidi, 1
ecol, 1
fake, 1
mbli, 1
ebar, 1
nfam, 1
plot, 1
rich, 1
lann, 1
ctim, 1
tim_, 1
noue, 1
ouem, 1
ueme, 1
tems, 1
sche, 1
mers, 1
male, 1
joki, 1
pauv, 1
auvr, 1
uvre, 1
vre_, 1
femm, 1
emme, 1
mmes, 1
sour, 1
henc, 1
ncef, 1
cefo, 1
uphe, 1
phel, 1
ppil, 1
pily, 1
olel, 1
lely, 1
nsit, 1
awok, 1
nexo, 1
exor, 1
xora, 1
glem, 1
ltiv, 1
tiva, 1
ndsh, 1
dshi, 1
nals, 1
ouls, 1
olos, 1
loss, 1
ossa, 1
orer, 1
njug, 1
juga, 1
ugal, 1
mpte, 1
emni, 1
sofa, 1
ofa_, 1
oniz, 1
tap_, 1
aimi, 1
salu, 1
alut, 1
mpai, 1
blus, 1
