3-gram, count
the, 1955
he_, 1433
nd_, 1279
and, 1138
is_, 1029
er_, 873
you, 852
to_, 808
ll_, 789
at_, 785
et_, 740
re_, 710
hat, 697
of_, 681
ing, 679
ng_, 662
ou_, 661
her, 644
in_, 627
his, 600
let, 597
es_, 583
th_, 563
it_, 558
me_, 554
on_, 538
st_, 533
my_, 520
us_, 517
our, 514
en_, 498
ve_, 497
thi, 496
ham, 488
tha, 487
aml, 472
mle, 472
ed_, 467
or_, 457
for, 421
rd_, 416
ur_, 414
not, 401
ow_, 399
ut_, 395
ith, 391
ord, 389
ay_, 382
ot_, 378
as_, 373
ere, 353
wit, 353
ent, 343
se_, 340
ave, 337
all, 333
lor, 328
ter, 326
tio, 319
ear, 308
ce_, 306
ch_, 288
ld_, 283
nt_, 282
hou, 280
but, 277
an_, 277
ill, 274
ell, 264
ne_, 258
kin, 258
ome, 254
ius, 248
ati, 242
ght, 238
ert, 237
oul, 236
com, 234
ion, 234
be_, 233
le_, 228
tho, 226
nce, 223
wha, 223
rs_, 223
him, 218
ath, 213
do_, 212
ke_, 207
hin, 207
ar_, 207
im_, 205
hea, 205
rat, 201
now, 200
hor, 199
oth, 198
so_, 198
een, 197
wil, 197
ts_, 196
ose, 195
are, 192
ly_, 192
ry_, 191
hav, 190
od_, 188
ver, 186
uld, 183
igh, 182
ir_, 182
est, 181
ant, 175
enc, 173
ora, 171
ore, 170
ht_, 170
de_, 170
ain, 168
own, 168
ers, 167
rea, 166
ive, 165
tru, 165
ood, 165
ds_, 164
ost, 160
ess, 160
ad_, 159
io_, 159
lon, 158
one, 158
wn_, 158
ger, 158
hy_, 157
sha, 156
ss_, 156
ran, 155
we_, 155
man, 154
que, 152
eli, 150
whe, 150
ake, 148
art, 148
ove, 148
om_, 147
sen, 144
no_, 143
hal, 142
ste, 141
eve, 141
ty_, 141
eat, 140
end, 138
cla, 138
hen, 137
ee_, 136
ven, 136
han, 135
mar, 134
pol, 134
out, 134
low, 134
lau, 133
sta, 132
te_, 132
al_, 132
ard, 131
olo, 131
ous, 130
tes, 130
mor, 130
ugh, 130
udi, 130
ast, 129
aud, 129
uch, 128
how, 128
con, 128
rt_, 127
ine, 127
sho, 127
by_, 125
ind, 125
oni, 125
sel, 124
den, 123
ey_, 123
spe, 121
see, 120
rte, 120
diu, 120
uee, 120
hel, 120
nte, 119
wel, 119
niu, 119
pla, 116
goo, 116
if_, 116
id_, 116
ns_, 116
wor, 116
men, 113
oun, 112
nst, 112
ort, 111
ge_, 110
nes, 110
dea, 109
ead, 108
whi, 108
nde, 108
lay, 107
hey, 107
rom, 106
ble, 106
ens, 106
res, 106
aer, 106
ern, 105
ck_, 105
ate, 105
ure, 105
rn_, 105
lae, 105
ike, 104
fro, 103
nge, 103
lik, 101
ude, 101
eav, 100
ery, 100
kno, 100
who, 99
anc, 98
rud, 98
pea, 97
lf_, 97
tte, 97
lia, 97
phe, 97
ust, 97
em_, 96
thy, 96
rtr, 96
cou, 95
was, 95
eed, 95
old, 94
der, 94
wou, 94
eas, 94
oph, 94
mos, 93
ros, 93
cra, 93
eak, 92
sir, 92
som, 91
tur, 91
son, 91
sin, 89
elf, 89
rie, 89
min, 89
pro, 88
row, 88
oug, 88
can, 88
lov, 88
tis, 87
hee, 87
nk_, 87
ia_, 87
loo, 86
sti, 85
mad, 85
fat, 85
hem, 84
mak, 84
giv, 84
hos, 84
les, 84
unt, 84
rin, 83
tle, 83
am_, 83
uil, 83
urs, 82
rse, 82
und, 82
ild, 82
ink, 81
rst, 81
str, 80
fir, 80
nds, 79
rou, 78
par, 78
ak_, 78
ue_, 77
ten, 77
ese, 77
gui, 77
clo, 77
ncr, 77
ass, 76
tim, 76
int, 76
per, 76
go_, 76
ntz, 76
tz_, 76
wer, 75
ime, 75
lde, 75
age, 74
ong, 74
ted, 73
tin, 73
arr, 73
lea, 73
ul_, 73
may, 72
ies, 72
did, 71
irs, 71
ber, 70
say, 70
ame, 70
ich, 70
mus, 70
dy_, 69
pon, 69
hic, 69
llo, 69
act, 68
nor, 67
use, 67
ws_, 67
too, 67
she, 67
hes, 67
hol, 66
gai, 66
ins, 66
ons, 66
nat, 66
eep, 66
cel, 65
ien, 65
ook, 65
hus, 65
tra, 64
rth, 64
ace, 63
sh_, 63
ect, 63
ist, 63
ves, 63
tan, 62
rce, 62
suc, 62
why, 62
arc, 61
gh_, 61
dis, 61
swe, 60
ls_, 60
sto, 60
ric, 60
hei, 60
rk_, 59
ct_, 59
ks_, 59
eir, 59
ho_, 58
aga, 58
pre, 58
wee, 58
ise, 58
upo, 57
ick, 57
nig, 57
die, 57
mot, 57
oo_, 57
pri, 56
ene, 56
eme, 56
att, 56
gs_, 56
eng, 56
lus, 55
bea, 55
mes, 55
eth, 55
cha, 55
ffe, 55
ide, 55
gra, 55
cti, 55
gen, 55
has, 54
ice, 54
rti, 54
ang, 54
pos, 53
lie, 53
had, 53
tak, 53
ok_, 53
fai, 53
way, 53
bra, 53
ntl, 53
cal, 53
lin, 53
inc, 52
rac, 52
len, 52
ans, 51
eet, 51
tch, 51
rit, 51
ars, 51
rec, 51
sou, 51
ny_, 51
fin, 51
ep_, 51
muc, 50
llu, 50
ows, 50
til, 50
its, 50
ngs, 50
ark, 49
ile, 49
air, 49
tel, 49
lan, 49
fe_, 49
ish, 49
thr, 49
atu, 49
ase, 49
pra, 49
ssi, 49
dee, 49
aye, 49
el_, 49
ic_, 49
tre, 48
off, 48
ser, 48
ret, 48
ree, 48
yer, 48
orm, 47
ade, 47
war, 47
thu, 47
nto, 47
rm_, 46
ole, 46
ann, 46
ras, 46
win, 46
rds, 46
ean, 46
rdo, 45
ful, 45
des, 45
oes, 45
ner, 45
ire, 44
las, 44
ond, 44
urn, 44
sur, 44
ife, 44
up_, 44
yet, 44
exi, 43
ack, 43
ple, 43
aw_, 43
ft_, 43
pas, 43
aug, 43
efo, 42
oll, 42
hil, 42
har, 42
ett, 42
sio, 42
gre, 42
qui, 41
rem, 41
iou, 41
nts, 41
bro, 41
pur, 41
omm, 41
ank, 40
gro, 40
far, 40
hon, 40
xit, 40
dow, 40
god, 40
bou, 40
ont, 40
mea, 40
kes, 39
ull, 39
eye, 39
fea, 39
lem, 39
wea, 39
era, 39
eco, 39
mat, 39
exe, 39
ses, 39
ity, 39
ite, 39
cen, 38
liv, 38
twe, 38
lac, 38
sit, 38
bre, 38
nno, 38
imp, 38
day, 38
ral, 38
lif, 38
los, 38
blo, 38
nse, 38
ray, 38
che, 38
sed, 38
rtu, 38
els, 37
fol, 37
fri, 37
ved, 37
app, 37
met, 37
tri, 37
ms_, 37
aid, 37
rai, 37
any, 37
eun, 37
bet, 37
lle, 37
ngl, 37
ors, 37
dan, 36
ys_, 36
bel, 36
iti, 36
onc, 36
ied, 36
eac, 36
mig, 36
erv, 36
sea, 36
rde, 36
abl, 36
xeu, 36
lt_, 36
nou, 36
pe_, 35
tat, 35
ris, 35
mon, 35
orr, 35
ren, 35
ps_, 35
lai, 35
rna, 34
atc, 34
ier, 34
tly, 34
eal, 34
don, 34
uth, 34
set, 34
fal, 34
isc, 33
itt, 33
tor, 33
led, 33
non, 33
rav, 33
gue, 33
hap, 33
ew_, 33
nin, 33
ces, 33
sec, 33
nti, 32
nar, 32
rri, 32
ded, 32
hts, 32
ff_, 32
sty, 32
ale, 32
abo, 32
ung, 32
tie, 32
orn, 32
cor, 32
lig, 32
ema, 32
tai, 32
sco, 31
get, 31
mou, 31
yes, 31
gho, 31
arm, 31
eri, 31
fel, 31
irt, 31
ach, 31
ron, 31
une, 31
ock, 31
ein, 31
aso, 31
bes, 31
put, 31
vil, 31
osr, 31
sri, 31
lat, 30
car, 30
lve, 30
il_, 30
shi, 30
bee, 30
hro, 30
urt, 30
oor, 30
ton, 30
nma, 29
ief, 29
ece, 29
dre, 29
sai, 29
ues, 29
rge, 29
rue, 29
ria, 29
lit, 29
din, 29
cre, 29
owe, 29
roo, 29
ech, 29
lou, 29
dam, 29
gla, 29
rew, 28
iev, 28
ays, 28
rch, 28
tal, 28
ope, 28
dot, 28
ttl, 28
por, 28
usi, 28
spi, 28
mem, 28
beg, 28
pee, 28
rev, 28
ano, 28
lse, 28
cas, 27
ntr, 27
rro, 27
awa, 27
emb, 27
tic, 27
bod, 27
doe, 27
oin, 27
rep, 27
tun, 27
bla, 27
fou, 27
ely, 27
ait, 27
eec, 27
obl, 27
cap, 27
bot, 27
rry, 27
dne, 27
sce, 26
nay, 26
elv, 26
ef_, 26
sol, 26
cho, 26
ote, 26
ial, 26
orl, 26
rld, 26
mpe, 26
rot, 26
exc, 26
ody, 26
ono, 26
hit, 26
lee, 26
mse, 26
gin, 26
nev, 26
ady, 26
enm, 25
wat, 25
two, 25
eti, 25
fen, 25
sle, 25
pin, 25
eem, 25
mai, 25
oub, 25
erc, 25
oft, 25
lad, 25
fre, 25
pat, 25
new, 25
pen, 25
hte, 25
dri, 25
kee, 25
fec, 25
swo, 25
fra, 24
ref, 24
sy_, 24
fie, 24
wo_, 24
jes, 24
amb, 24
red, 24
omp, 24
eit, 24
ero, 24
cle, 24
ois, 24
wis, 24
aus, 24
del, 24
eel, 24
unc, 24
asi, 24
tse, 24
poi, 24
ims, 24
lls, 24
bef, 23
nta, 23
ari, 23
rig, 23
sid, 23
tro, 23
ets, 23
pir, 23
ilt, 23
fit, 23
dou, 23
ie_, 23
vis, 23
gar, 23
urd, 23
mer, 23
org, 23
adn, 23
aft, 23
iso, 23
bed, 22
chi, 22
ssa, 22
tar, 22
urp, 22
arg, 22
hip, 22
ima, 22
nbr, 22
ian, 22
ye_, 22
fer, 22
ndi, 22
sse, 22
gri, 22
rop, 22
evi, 22
nal, 22
mbe, 22
ift, 22
rve, 22
cy_, 22
cau, 22
dra, 22
pit, 22
cei, 22
esp, 21
ouc, 21
bur, 21
lar, 21
gon, 21
ign, 21
inb, 21
ald, 21
foo, 21
cur, 21
iri, 21
san, 21
lic, 21
qua, 21
vin, 21
uit, 21
lli, 21
ape, 21
cri, 21
poo, 21
fte, 21
raw, 21
bri, 21
ged, 20
lly, 20
nks, 20
col, 20
sig, 20
maj, 20
aje, 20
sor, 20
sla, 20
nan, 20
med, 20
emp, 20
nee, 20
dro, 20
aff, 20
mpo, 20
nob, 20
nne, 20
uns, 20
alt, 20
xce, 20
fac, 20
tea, 20
nis, 20
ash, 20
uff, 20
mis, 20
mur, 20
rey, 20
bit, 19
sic, 19
ail, 19
ume, 19
spo, 19
uri, 19
lk_, 19
ini, 19
rei, 19
rms, 19
oom, 19
edi, 19
emo, 19
vio, 19
cke, 19
onf, 19
umb, 19
uty, 19
ncl, 19
rpo, 19
ked, 19
ngu, 19
ned, 19
rta, 19
riv, 18
ewe, 18
lla, 18
lco, 18
alo, 18
alk, 18
vou, 18
cul, 18
oss, 18
ivi, 18
pet, 18
lis, 18
omi, 18
cro, 18
oic, 18
ica, 18
hri, 18
rne, 18
sca, 18
aut, 18
udg, 18
mma, 18
fee, 18
eyn, 18
yna, 18
ldo, 18
rag, 17
stl, 17
nci, 17
rel, 17
elc, 17
ppe, 17
rov, 17
ory, 17
yse, 17
oke, 17
van, 17
eig, 17
nda, 17
alm, 17
ext, 17
vic, 17
oy_, 17
bus, 17
ool, 17
ult, 17
fla, 17
vir, 17
nea, 17
jud, 17
ban, 17
ges, 17
cat, 17
bas, 17
iss, 17
ala, 17
kil, 17
nsw, 16
ane, 16
pie, 16
ute, 16
wri, 16
mag, 16
oma, 16
tiv, 16
ept, 16
ced, 16
top, 16
cio, 16
ker, 16
rni, 16
nve, 16
equ, 16
rre, 16
lds, 16
eno, 16
bor, 16
acc, 16
gal, 16
ip_, 16
kne, 16
ani, 16
erf, 16
mas, 16
dge, 16
roc, 16
dau, 16
unn, 16
hre, 16
cer, 16
lam, 16
rty, 16
eiv, 16
hom, 15
uck, 15
als, 15
won, 15
arl, 15
tay, 15
pal, 15
rwa, 15
bat, 15
mpl, 15
eek, 15
tow, 15
mpa, 15
esi, 15
erm, 15
ews, 15
try, 15
beh, 15
voi, 15
rum, 15
roa, 15
def, 15
opp, 15
bar, 15
dst, 15
nfe, 15
ina, 15
stu, 15
hoo, 15
saw, 15
nch, 15
pt_, 15
rra, 15
eds, 15
tem, 15
tue, 15
etw, 15
ura, 15
dev, 15
cis, 14
tou, 14
nsi, 14
avo, 14
orw, 14
cks, 14
ork, 14
ict, 14
oil, 14
ali, 14
law, 14
etu, 14
ita, 14
ena, 14
hot, 14
rts, 14
eso, 14
un_, 14
doo, 14
wal, 14
ele, 14
dut, 14
cte, 14
oe_, 14
scr, 14
ual, 14
eam, 14
spa, 14
mme, 14
ubt, 14
ben, 14
oud, 14
nit, 14
ada, 14
obe, 14
mel, 14
ibe, 14
ads, 14
lec, 14
amn, 14
apt, 14
adi, 14
elp, 14
dos, 14
tir, 13
mys, 13
tog, 13
oge, 13
mbl, 13
mbi, 13
ump, 13
tia, 13
inf, 13
goe, 13
iag, 13
ppi, 13
op_, 13
dom, 13
efe, 13
dir, 13
fur, 13
cam, 13
run, 13
ary, 13
rul, 13
ol_, 13
osi, 13
mil, 13
isi, 13
rcu, 13
ats, 13
dly, 13
vel, 13
ssu, 13
fas, 13
afe, 13
eck, 13
ado, 13
exp, 13
woo, 13
mov, 13
pec, 13
epa, 12
iet, 12
mee, 12
ldi, 12
awh, 12
tif, 12
sam, 12
twa, 12
ibl, 12
ula, 12
obs, 12
ek_, 12
rer, 12
ete, 12
tom, 12
ubl, 12
asu, 12
bei, 12
ici, 12
ea_, 12
avi, 12
pow, 12
onv, 12
bt_, 12
ems, 12
cus, 12
moo, 12
rap, 12
nly, 12
tab, 12
nam, 12
wan, 12
rif, 12
fli, 12
rma, 12
saf, 12
rib, 12
yin, 12
odi, 12
agi, 12
dgm, 12
gme, 12
aim, 12
nei, 12
usb, 12
sba, 12
eps, 12
mit, 12
iff, 12
uic, 12
yea, 12
ha_, 12
usa, 12
cia, 12
uar, 11
fan, 11
tas, 11
wic, 11
fig, 11
ola, 11
bse, 11
ils, 11
sun, 11
owa, 11
isp, 11
dar, 11
tee, 11
oti, 11
hie, 11
vy_, 11
owi, 11
wom, 11
iol, 11
mal, 11
rus, 11
ii_, 11
vol, 11
lti, 11
nel, 11
joy, 11
mir, 11
ken, 11
tag, 11
gly, 11
fes, 11
ili, 11
bac, 11
ah_, 11
wed, 11
hir, 11
oot, 11
rim, 11
aps, 11
irc, 11
epe, 11
cum, 11
eau, 11
oon, 11
spr, 11
lib, 11
hum, 11
hra, 11
flo, 11
gel, 11
hid, 11
uts, 11
nav, 11
lp_, 11
gle, 11
hop, 11
api, 11
egi, 11
pai, 11
cie, 11
co_, 10
asy, 10
twi, 10
ifi, 10
nio, 10
ily, 10
vid, 10
cov, 10
ski, 10
sat, 10
lmo, 10
cli, 10
sof, 10
oar, 10
wro, 10
rab, 10
sum, 10
oat, 10
aci, 10
adv, 10
sis, 10
wif, 10
ppo, 10
sal, 10
pes, 10
tol, 10
oos, 10
tit, 10
orc, 10
uti, 10
rvi, 10
eer, 10
bey, 10
ovi, 10
reo, 10
aki, 10
oli, 10
rof, 10
hs_, 10
ule, 10
eou, 10
dsh, 10
eon, 10
fet, 10
mmi, 10
eff, 10
ami, 10
ncy, 10
rly, 10
phr, 10
nct, 10
wag, 10
dit, 10
ori, 10
hur, 10
oce, 10
emi, 10
wen, 10
etc, 10
ffl, 10
kna, 10
got, 10
aks, 10
pyr, 10
yrr, 10
rrh, 10
rhu, 10
pta, 10
sku, 10
kul, 10
nfo, 9
uie, 9
val, 9
ppr, 9
rns, 9
sch, 9
oks, 9
mba, 9
dde, 9
rva, 9
jec, 9
ask, 9
joi, 9
uls, 9
liu, 9
ogu, 9
dem, 9
coc, 9
mmo, 9
het, 9
rut, 9
net, 9
eni, 9
mbr, 9
pic, 9
sup, 9
upp, 9
sag, 9
sts, 9
mn_, 9
gat, 9
nco, 9
nsc, 9
aul, 9
ply, 9
ap_, 9
add, 9
ud_, 9
unk, 9
cir, 9
dig, 9
cep, 9
dul, 9
nni, 9
gge, 9
um_, 9
lex, 9
chr, 9
lio, 9
udd, 9
ais, 9
pel, 9
cts, 9
reg, 9
gav, 9
ehi, 9
dif, 9
hed, 9
oof, 9
sci, 9
lot, 9
eci, 9
noi, 9
edy, 8
ino, 8
bid, 8
ush, 8
rli, 8
icu, 8
opi, 8
ode, 8
pti, 8
aze, 8
div, 8
rid, 8
pac, 8
uni, 8
erp, 8
urc, 8
rme, 8
hig, 8
isa, 8
ecu, 8
arb, 8
mb_, 8
lty, 8
rfu, 8
shr, 8
nfi, 8
sav, 8
olt, 8
woe, 8
bon, 8
pot, 8
eph, 8
eg_, 8
ids, 8
loa, 8
uly, 8
bli, 8
seq, 8
fau, 8
abs, 8
smi, 8
lth, 8
fle, 8
erl, 8
ix_, 8
unw, 8
ede, 8
nth, 8
ths, 8
rio, 8
uou, 8
exa, 8
ecr, 8
nec, 8
hio, 8
erh, 8
rha, 8
ums, 8
eld, 8
ops, 8
abi, 8
ilo, 8
vow, 8
plo, 8
agg, 8
ket, 8
rgo, 8
ped, 8
bec, 8
dec, 8
wre, 8
pou, 8
ctu, 8
fly, 8
nom, 8
sad, 8
suf, 8
plu, 8
gga, 8
alf, 8
foi, 8
luc, 8
lsi, 7
unf, 7
ruc, 7
iec, 7
sib, 7
dry, 7
ety, 7
olu, 7
lut, 7
ara, 7
uen, 7
bin, 7
rol, 7
log, 7
inv, 7
err, 7
bir, 7
ird, 7
dfu, 7
wei, 7
isd, 7
sdo, 7
nki, 7
rso, 7
ona, 7
ela, 7
sui, 7
fav, 7
dus, 7
ira, 7
rui, 7
unp, 7
dia, 7
erg, 7
rad, 7
hly, 7
hun, 7
teo, 7
nem, 7
ddi, 7
adm, 7
dmi, 7
dle, 7
ngt, 7
gth, 7
mod, 7
sil, 7
xt_, 7
lm_, 7
nen, 7
ppl, 7
pli, 7
hoi, 7
iqu, 7
gio, 7
reb, 7
ckl, 7
occ, 7
edg, 7
bly, 7
mst, 7
ipp, 7
avy, 7
oya, 7
nty, 7
rpe, 7
ler, 7
epi, 7
fts, 7
ieu, 7
eu_, 7
ipe, 7
cin, 7
sli, 7
erd, 7
cce, 7
lun, 7
bad, 7
egg, 7
ago, 7
hec, 7
rga, 7
onn, 7
rip, 7
nex, 7
pad, 7
env, 7
hak, 6
ege, 6
yon, 6
lum, 6
igu, 6
gur, 6
pok, 6
hys, 6
omb, 6
rup, 6
sub, 6
zen, 6
gn_, 6
lab, 6
eto, 6
ize, 6
zed, 6
ror, 6
pul, 6
nep, 6
oms, 6
ecl, 6
ips, 6
lim, 6
yme, 6
pil, 6
gan, 6
dum, 6
tti, 6
nie, 6
fun, 6
ffa, 6
ram, 6
hew, 6
vie, 6
ods, 6
unm, 6
imm, 6
cun, 6
esh, 6
tuo, 6
uan, 6
epo, 6
dep, 6
tne, 6
ndr, 6
erw, 6
axe, 6
ayi, 6
nke, 6
utt, 6
tme, 6
dal, 6
oop, 6
nsu, 6
vat, 6
oly, 6
egu, 6
duc, 6
roy, 6
gno, 6
sue, 6
urg, 6
ots, 6
kly, 6
raf, 6
sud, 6
mne, 6
oso, 6
alr, 6
lre, 6
enn, 6
nny, 6
rcy, 6
ney, 6
pan, 6
dic, 6
dor, 6
nac, 6
cit, 6
mut, 6
kis, 6
rgi, 6
wai, 6
jus, 6
onj, 6
apo, 6
inn, 6
cto, 6
onl, 6
ugg, 6
sma, 6
cee, 6
elo, 6
ig_, 6
apa, 6
chu, 6
eap, 6
atf, 5
tfo, 5
gua, 5
irr, 5
ieg, 5
inu, 5
tus, 5
wes, 5
rmo, 5
mp_, 5
cop, 5
upt, 5
bje, 5
sk_, 5
ldr, 5
rfe, 5
nqu, 5
rpr, 5
dew, 5
pse, 5
lo_, 5
vul, 5
moc, 5
arn, 5
itc, 5
ngd, 5
gdo, 5
dva, 5
urr, 5
lev, 5
opo, 5
lid, 5
tfu, 5
ior, 5
bst, 5
pio, 5
rog, 5
epl, 5
cco, 5
lef, 5
eft, 5
maz, 5
soe, 5
sar, 5
wid, 5
rok, 5
ebe, 5
sso, 5
kle, 5
cca, 5
boa, 5
iar, 5
inm, 5
ewa, 5
hab, 5
ocl, 5
oan, 5
wns, 5
nvi, 5
loc, 5
hov, 5
pay, 5
eis, 5
aws, 5
dru, 5
tam, 5
rru, 5
idl, 5
cko, 5
mpt, 5
oys, 5
orb, 5
ze_, 5
nna, 5
nkl, 5
gif, 5
gni, 5
una, 5
rsu, 5
boy, 5
odd, 5
eei, 5
rbe, 5
xpe, 5
sme, 5
owl, 5
gam, 5
arp, 5
noc, 5
ecs, 5
cst, 5
dio, 5
gum, 5
ams, 5
enl, 5
py_, 5
cry, 5
lap, 5
rgu, 5
rb_, 5
eca, 5
aig, 5
iam, 5
bol, 5
amo, 5
oze, 5
six, 5
lav, 5
cci, 5
cid, 5
nun, 5
pab, 5
rtl, 5
blu, 5
wne, 5
xan, 5
cup, 5
efu, 4
ppa, 4
rp_, 4
ngr, 4
smo, 4
eru, 4
htl, 4
dai, 4
aty, 4
icl, 4
mpu, 4
hti, 4
flu, 4
ptu, 4
lip, 4
eho, 4
xto, 4
rik, 4
umm, 4
rob, 4
oad, 4
dvi, 4
efi, 4
agu, 4
ued, 4
oro, 4
bow, 4
uds, 4
fru, 4
fil, 4
iga, 4
sev, 4
ndo, 4
npr, 4
iat, 4
bil, 4
enb, 4
nbe, 4
rg_, 4
ofi, 4
hyp, 4
tyr, 4
ghl, 4
hoe, 4
xte, 4
tud, 4
ldl, 4
arv, 4
ddl, 4
lst, 4
adf, 4
kep, 4
ama, 4
sab, 4
rto, 4
cea, 4
nab, 4
oev, 4
req, 4
ixt, 4
iii, 4
esc, 4
bul, 4
wax, 4
nwa, 4
iel, 4
rod, 4
scl, 4
chm, 4
fam, 4
nme, 4
xpr, 4
bov, 4
irl, 4
ta_, 4
laz, 4
unh, 4
baw, 4
awd, 4
lei, 4
isu, 4
iv_, 4
swa, 4
rhe, 4
ph_, 4
ax_, 4
swi, 4
rfo, 4
ibu, 4
igi, 4
siv, 4
yal, 4
epu, 4
ulc, 4
gli, 4
kon, 4
wav, 4
sov, 4
tty, 4
rdy, 4
ott, 4
sul, 4
orp, 4
cru, 4
ury, 4
bos, 4
boo, 4
ndm, 4
dme, 4
nic, 4
atr, 4
phy, 4
ske, 4
lts, 4
rdi, 4
wi_, 4
cki, 4
ees, 4
quo, 4
sem, 4
chs, 4
ega, 4
thf, 4
hfu, 4
obb, 4
bby, 4
fis, 4
gna, 4
sly, 4
ppy, 4
nju, 4
nso, 4
rci, 4
ngi, 4
gol, 4
reh, 4
ehe, 4
unl, 4
uca, 4
ony, 4
ige, 4
rug, 4
ism, 4
pau, 4
cub, 4
uba, 4
ba_, 4
onz, 4
nza, 4
zag, 4
fic, 4
rsh, 4
thd, 4
hdr, 4
shu, 4
ox_, 4
ccu, 4
sno, 4
neg, 4
egl, 4
apl, 4
tep, 4
eta, 4
bui, 4
gun, 4
nus, 4
sie, 4
poc, 4
dil, 4
eba, 4
iva, 3
gem, 3
nut, 3
usu, 3
lks, 3
edd, 3
ubj, 3
mpr, 3
ipw, 3
pwr, 3
inh, 3
awl, 3
wle, 3
ato, 3
esa, 3
uli, 3
gib, 3
lue, 3
mpi, 3
msd, 3
sda, 3
rbi, 3
oid, 3
vai, 3
arf, 3
fty, 3
ril, 3
wak, 3
xtr, 3
awn, 3
wni, 3
acq, 3
cqu, 3
uai, 3
edf, 3
dol, 3
rr_, 3
eag, 3
slo, 3
ky_, 3
oak, 3
emn, 3
ubb, 3
ulg, 3
eof, 3
ocu, 3
bru, 3
elt, 3
rla, 3
fix, 3
fed, 3
unr, 3
hai, 3
emy, 3
bak, 3
odl, 3
itn, 3
mid, 3
idd, 3
ctl, 3
ecy, 3
riz, 3
voy, 3
toy, 3
inw, 3
soi, 3
alu, 3
yie, 3
liq, 3
few, 3
pts, 3
bew, 3
cos, 3
buy, 3
vit, 3
bab, 3
ley, 3
rdn, 3
dna, 3
mph, 3
xio, 3
amp, 3
ubs, 3
jaw, 3
ols, 3
uro, 3
rf_, 3
abu, 3
ito, 3
rba, 3
via, 3
eys, 3
zar, 3
cut, 3
lod, 3
glo, 3
tua, 3
oup, 3
upl, 3
lob, 3
phi, 3
urb, 3
uir, 3
eha, 3
sua, 3
ndl, 3
unb, 3
nga, 3
ofo, 3
usy, 3
hsa, 3
nkn, 3
asa, 3
hne, 3
ckn, 3
nua, 3
loy, 3
imb, 3
mbs, 3
bs_, 3
utw, 3
rmi, 3
ido, 3
num, 3
kel, 3
rwi, 3
dog, 3
egn, 3
usl, 3
geo, 3
jur, 3
xer, 3
acu, 3
uin, 3
tuf, 3
ntu, 3
uta, 3
eya, 3
yra, 3
ucc, 3
nle, 3
fs_, 3
dli, 3
esy, 3
buz, 3
mic, 3
gic, 3
imi, 3
utu, 3
jep, 3
pht, 3
hth, 3
hah, 3
fiv, 3
itu, 3
cta, 3
gul, 3
gor, 3
eks, 3
tiq, 3
gea, 3
jig, 3
mob, 3
soo, 3
tap, 3
doz, 3
nn_, 3
mud, 3
cow, 3
acr, 3
scu, 3
efa, 3
fus, 3
evo, 3
rlo, 3
utl, 3
rub, 3
ub_, 3
huf, 3
ffi, 3
spu, 3
nwo, 3
lag, 3
det, 3
var, 3
cem, 3
pip, 3
lyi, 3
asl, 3
deb, 3
rar, 3
uci, 3
anu, 3
gns, 3
nif, 3
fy_, 3
doc, 3
uel, 3
erb, 3
chy, 3
yar, 3
dag, 3
url, 3
yan, 3
ssy, 3
vey, 3
alv, 3
clu, 3
voc, 3
awe, 3
pp_, 3
bbl, 3
isf, 3
hme, 3
xe_, 3
ipt, 3
dds, 3
pag, 2
la_, 2
stw, 2
rle, 2
jum, 2
toi, 2
raz, 2
mul, 2
fei, 2
onq, 2
moi, 2
gag, 2
nhe, 2
uis, 2
nim, 2
mac, 2
jul, 2
squ, 2
nfl, 2
pho, 2
hoa, 2
ava, 2
vag, 2
obj, 2
abr, 2
iry, 2
usp, 2
irg, 2
wru, 2
ndy, 2
sus, 2
dej, 2
eje, 2
dab, 2
ivo, 2
tub, 2
bbo, 2
sim, 2
lga, 2
bsu, 2
obi, 2
goi, 2
etr, 2
ogr, 2
omf, 2
mfo, 2
joc, 2
haw, 2
ype, 2
nri, 2
dex, 2
rua, 2
foe, 2
xac, 2
toe, 2
izz, 2
zzl, 2
zle, 2
ilv, 2
wix, 2
nef, 2
nvo, 2
ifl, 2
fum, 2
ulk, 2
xes, 2
atn, 2
umn, 2
nfa, 2
tto, 2
uid, 2
stm, 2
hma, 2
puf, 2
udy, 2
oh_, 2
gir, 2
rl_, 2
sif, 2
aby, 2
odc, 2
dco, 2
mew, 2
ghe, 2
tet, 2
nho, 2
mom, 2
ewd, 2
rau, 2
ium, 2
adu, 2
uce, 2
tax, 2
lep, 2
ttr, 2
mol, 2
gob, 2
niz, 2
lch, 2
etl, 2
nur, 2
deo, 2
eyo, 2
epr, 2
nha, 2
eez, 2
sph, 2
zon, 2
lte, 2
chc, 2
hcr, 2
mef, 2
lew, 2
lwa, 2
ilm, 2
lme, 2
nmi, 2
ilk, 2
aza, 2
odg, 2
wip, 2
fon, 2
mix, 2
hif, 2
sop, 2
dd_, 2
ncu, 2
btf, 2
inq, 2
nsk, 2
abb, 2
utb, 2
rki, 2
ffr, 2
ewi, 2
toc, 2
gyv, 2
yve, 2
lps, 2
uot, 2
jea, 2
nsf, 2
sfo, 2
ghb, 2
hbo, 2
acy, 2
tta, 2
ebu, 2
uke, 2
xpo, 2
tok, 2
akn, 2
shm, 2
hmo, 2
ggo, 2
og_, 2
ifu, 2
ab_, 2
hod, 2
dun, 2
wsh, 2
irm, 2
cot, 2
kni, 2
rsy, 2
poe, 2
cuf, 2
ffs, 2
sbl, 2
aun, 2
uz_, 2
rca, 2
nia, 2
wra, 2
siz, 2
coa, 2
rbu, 2
bun, 2
utr, 2
aro, 2
amm, 2
nod, 2
wl_, 2
iad, 2
loi, 2
aph, 2
ddy, 2
nos, 2
pte, 2
rsi, 2
nfu, 2
shl, 2
igg, 2
coi, 2
tum, 2
gru, 2
uzz, 2
wry, 2
ymp, 2
nsl, 2
wli, 2
iab, 2
spl, 2
xpl, 2
cab, 2
doi, 2
tut, 2
ilf, 2
lfu, 2
ofa, 2
jou, 2
enu, 2
yed, 2
cae, 2
aes, 2
leg, 2
tli, 2
hob, 2
hau, 2
nau, 2
hym, 2
mmu, 2
rmw, 2
mwo, 2
idi, 2
nsh, 2
mie, 2
mna, 2
ugs, 2
jov, 2
ify, 2
zem, 2
eny, 2
yst, 2
hya, 2
yaw, 2
ypo, 2
ocr, 2
ndu, 2
ulf, 2
hug, 2
yag, 2
ggl, 2
lva, 2
ag_, 2
lur, 2
ex_, 2
ntm, 2
pop, 2
opl, 2
coz, 2
odm, 2
dma, 2
tew, 2
nag, 2
mbo, 2
lce, 2
pun, 2
ib_, 2
ug_, 2
gut, 2
ghs, 2
gg_, 2
oca, 2
soc, 2
oci, 2
rke, 2
zer, 2
upe, 2
gia, 2
dov, 2
isy, 2
due, 2
bsc, 2
dip, 2
hty, 2
nak, 2
nvy, 2
rps, 2
aba, 2
odn, 2
dth, 2
nba, 2
uor, 2
oym, 2
sex, 2
rdl, 2
jot, 2
bso, 2
yor, 2
oam, 2
nsa, 2
ebl, 2
pus, 2
iew, 2
ltr, 2
sfi, 2
xch, 2
ups, 2
mep, 1
gry, 1
emu, 1
orf, 1
sei, 1
eiz, 1
uer, 1
oie, 1
anq, 1
kir, 1
lsa, 1
lmy, 1
uea, 1
ibb, 1
bbe, 1
sas, 1
rym, 1
ivy, 1
rek, 1
ekn, 1
uph, 1
nvu, 1
uln, 1
lne, 1
lof, 1
oba, 1
fad, 1
leb, 1
ebr, 1
daw, 1
uss, 1
ghi, 1
osa, 1
isj, 1
sjo, 1
nky, 1
itf, 1
urv, 1
viv, 1
vor, 1
uio, 1
rnn, 1
anl, 1
eev, 1
eva, 1
thl, 1
olv, 1
nwe, 1
yr_, 1
iob, 1
vas, 1
heo, 1
jel, 1
ddr, 1
hru, 1
gap, 1
tso, 1
rwh, 1
elm, 1
imy, 1
esm, 1
unv, 1
nva, 1
msc, 1
mni, 1
rny, 1
imr, 1
mro, 1
dop, 1
opt, 1
omr, 1
mra, 1
uy_, 1
gau, 1
key, 1
ooh, 1
zes, 1
xti, 1
ewh, 1
atm, 1
dye, 1
wds, 1
wdl, 1
nip, 1
riu, 1
nka, 1
kar, 1
vem, 1
rgr, 1
owt, 1
wth, 1
ryi, 1
sep, 1
rbl, 1
mps, 1
rtm, 1
gnt, 1
ulp, 1
lph, 1
phu, 1
rnt, 1
eze, 1
etf, 1
azo, 1
edu, 1
wdn, 1
bag, 1
alw, 1
rno, 1
noo, 1
jui, 1
heb, 1
ksi, 1
vig, 1
igo, 1
gou, 1
hso, 1
sap, 1
lux, 1
uxu, 1
xur, 1
wso, 1
vea, 1
dwe, 1
uep, 1
ubi, 1
biq, 1
amt, 1
mt_, 1
eaf, 1
big, 1
guo, 1
ssm, 1
bbi, 1
tbr, 1
nre, 1
sau, 1
rda, 1
cet, 1
bai, 1
seh, 1
dla, 1
bia, 1
ias, 1
sew, 1
eov, 1
ovo, 1
vok, 1
adh, 1
dhe, 1
lpf, 1
pfu, 1
oyf, 1
yfu, 1
icy, 1
ghn, 1
buk, 1
rco, 1
nnu, 1
pap, 1
tul, 1
usn, 1
sne, 1
urm, 1
esk, 1
htn, 1
adl, 1
rpi, 1
ckw, 1
kwa, 1
osp, 1
tst, 1
roe, 1
fay, 1
lfp, 1
fpe, 1
cip, 1
ipa, 1
omo, 1
nop, 1
opy, 1
mam, 1
vap, 1
dve, 1
umo, 1
nhi, 1
hib, 1
ibi, 1
nov, 1
ova, 1
yas, 1
afr, 1
xcl, 1
oet, 1
mow, 1
fif, 1
ppu, 1
awk, 1
wk_, 1
dsa, 1
wad, 1
osc, 1
ciu, 1
ida, 1
oem, 1
nli, 1
ca_, 1
isr, 1
sra, 1
rae, 1
ael, 1
wot, 1
idg, 1
dys, 1
ysh, 1
alc, 1
cav, 1
dso, 1
efl, 1
aen, 1
eab, 1
hyr, 1
yrc, 1
tot, 1
ota, 1
oas, 1
oag, 1
dsi, 1
iki, 1
pug, 1
ugn, 1
neq, 1
lky, 1
neu, 1
eut, 1
chl, 1
hle, 1
cyc, 1
ycl, 1
lop, 1
syn, 1
yno, 1
wdr, 1
bis, 1
heu, 1
eum, 1
ilc, 1
dyk, 1
yki, 1
asp, 1
cue, 1
asc, 1
joh, 1
ohn, 1
hn_, 1
pig, 1
kit, 1
wdy, 1
npa, 1
foh, 1
ulo, 1
awf, 1
wfu, 1
pia, 1
ldn, 1
vot, 1
sug, 1
uga, 1
ugl, 1
hoc, 1
pis, 1
odk, 1
dki, 1
puz, 1
hue, 1
kli, 1
awr, 1
nym, 1
wd_, 1
dox, 1
gef, 1
hut, 1
owr, 1
mny, 1
sp_, 1
jan, 1
pak, 1
pru, 1
rlw, 1
lwi, 1
thn, 1
obu, 1
riw, 1
iwi, 1
wig, 1
ags, 1
bsh, 1
uto, 1
rwe, 1
eym, 1
uma, 1
bom, 1
lto, 1
rsa, 1
nue, 1
pom, 1
faw, 1
buf, 1
afo, 1
lca, 1
vet, 1
tec, 1
hef, 1
leo, 1
niv, 1
egs, 1
tbo, 1
ooe, 1
nwi, 1
osy, 1
oeb, 1
sac, 1
bts, 1
ebt, 1
na_, 1
duk, 1
bap, 1
jad, 1
nwr, 1
oru, 1
pup, 1
pox, 1
agr, 1
xtu, 1
idn, 1
dni, 1
xta, 1
urk, 1
paj, 1
ajo, 1
rhy, 1
oct, 1
efs, 1
gov, 1
loq, 1
oqu, 1
uak, 1
ro_, 1
thw, 1
hwi, 1
dur, 1
haz, 1
noy, 1
uge, 1
adj, 1
djo, 1
exm, 1
xme, 1
boi, 1
nfr, 1
gil, 1
uys, 1
ewb, 1
wbo, 1
abe, 1
ssl, 1
kic, 1
ysi, 1
bud, 1
nmo, 1
awi, 1
ulw, 1
pso, 1
sod, 1
stf, 1
rls, 1
mop, 1
eyi, 1
nas, 1
utp, 1
tpu, 1
rks, 1
vac, 1
aca, 1
xcr, 1
coo, 1
njo, 1
kew, 1
ptl, 1
efr, 1
iro, 1
sob, 1
ddo, 1
npe, 1
peg, 1
lud, 1
olf, 1
lfe, 1
dat, 1
lug, 1
ggi, 1
ivu, 1
lgi, 1
xcu, 1
soa, 1
ezi, 1
zin, 1
fox, 1
cic, 1
dez, 1
ezv, 1
zvo, 1
ftl, 1
sth, 1
oki, 1
unu, 1
xam, 1
exh, 1
xho, 1
rmy, 1
atl, 1
xci, 1
otc, 1
nje, 1
taf, 1
urf, 1
wep, 1
dup, 1
gis, 1
oac, 1
peo, 1
eop, 1
nwh, 1
mug, 1
zze, 1
rfl, 1
luo, 1
itz, 1
tze, 1
iot, 1
oto, 1
ogs, 1
lml, 1
mly, 1
cuc, 1
kol, 1
nsm, 1
jug, 1
pst, 1
ltl, 1
bie, 1
uad, 1
lax, 1
xen, 1
moa, 1
mun, 1
sfa, 1
vi_, 1
vii, 1
inl, 1
jun, 1
pub, 1
reu, 1
tsc, 1
oit, 1
iba, 1
seb, 1
mi_, 1
ooc, 1
och, 1
snu, 1
nuf, 1
ndt, 1
teb, 1
ata, 1
asm, 1
sm_, 1
roj, 1
oje, 1
sip, 1
tuc, 1
rpl, 1
hep, 1
sna, 1
nca, 1
nil, 1
ewo, 1
olk, 1
ofe, 1
uny, 1
nyo, 1
yok, 1
cud, 1
yau, 1
gha, 1
igs, 1
utc, 1
jow, 1
wls, 1
cai, 1
umv, 1
mve, 1
azz, 1
zza, 1
ogg, 1
awy, 1
wye, 1
uye, 1
cog, 1
ogn, 1
iza, 1
zan, 1
adt, 1
box, 1
psk, 1
rah, 1
uiv, 1
gaf, 1
kib, 1
cky, 1
cay, 1
abh, 1
bho, 1
pah, 1
lih, 1
iho, 1
nla, 1
rsw, 1
peb, 1
ebb, 1
ewm, 1
wme, 1
iem, 1
npo, 1
sky, 1
kyi, 1
yis, 1
lym, 1
pha, 1
yel, 1
oco, 1
cod, 1
utf, 1
tfa, 1
gei, 1
sa_, 1
fem, 1
onu, 1
ilb, 1
lbo, 1
boe, 1
shn, 1
gow, 1
bug, 1
yeo, 1
eom, 1
ma_, 1
gne, 1
uat, 1
ewl, 1
wly, 1
diz, 1
zzy, 1
zy_, 1
thm, 1
olm, 1
pty, 1
apw, 1
pwi, 1
dug, 1
bev, 1
evy, 1
bub, 1
uct, 1
isl, 1
efy, 1
ugu, 1
cil, 1
ngo, 1
alp, 1
lpa, 1
nap, 1
apk, 1
pki, 1
afa, 1
dyi, 1
oc_, 1
lfi, 1
psh, 1
lso, 1
udl, 1
